,Entity,Code,Day,retail_and_recreation,grocery_and_pharmacy,residential,transit_stations,parks,workplaces
0,Indonesia,IDN,2020-02-17,-2.667,-3.0,1.333,-1.333,-7.333,3.333
1,Indonesia,IDN,2020-02-18,-2.75,-2.75,1.25,-0.75,-6.5,3.0
2,Indonesia,IDN,2020-02-19,-2.8,-3.0,1.2,-0.6,-5.8,2.6
3,Indonesia,IDN,2020-02-20,-2.667,-2.667,1.167,0.167,-5.0,2.333
4,Indonesia,IDN,2020-02-21,-2.571,-2.714,1.143,0.429,-5.0,2.714
5,Indonesia,IDN,2020-02-22,-2.286,-2.429,1.0,0.429,-4.571,2.714
6,Indonesia,IDN,2020-02-23,-2.143,-2.143,0.857,0.429,-4.286,2.857
7,Indonesia,IDN,2020-02-24,-2.0,-2.0,0.857,0.429,-3.857,3.0
8,Indonesia,IDN,2020-02-25,-2.286,-2.0,1.143,-0.571,-4.143,2.429
9,Indonesia,IDN,2020-02-26,-2.143,-1.571,1.0,-0.571,-4.143,2.714
10,Indonesia,IDN,2020-02-27,-1.857,-1.143,0.857,-0.857,-4.429,3.143
11,Indonesia,IDN,2020-02-28,-1.429,-0.286,0.857,-0.714,-4.429,3.143
12,Indonesia,IDN,2020-02-29,-1.143,0.571,0.857,-0.286,-4.714,3.286
13,Indonesia,IDN,2020-03-01,-0.714,1.429,0.857,0.286,-5.143,3.286
14,Indonesia,IDN,2020-03-02,0.286,3.571,0.714,0.857,-4.571,3.429
15,Indonesia,IDN,2020-03-03,1.429,5.286,0.286,2.0,-4.0,4.429
16,Indonesia,IDN,2020-03-04,1.714,6.0,0.429,1.857,-4.286,4.571
17,Indonesia,IDN,2020-03-05,2.286,6.857,0.429,2.0,-4.0,4.571
18,Indonesia,IDN,2020-03-06,2.429,7.0,0.429,2.0,-3.714,4.714
19,Indonesia,IDN,2020-03-07,2.571,7.0,0.429,1.857,-3.286,4.714
20,Indonesia,IDN,2020-03-08,2.571,6.857,0.429,1.714,-2.714,4.857
21,Indonesia,IDN,2020-03-09,2.143,5.571,0.571,1.429,-2.857,4.857
22,Indonesia,IDN,2020-03-10,2.143,5.0,0.714,1.286,-2.286,4.714
23,Indonesia,IDN,2020-03-11,2.571,5.143,0.714,1.571,-1.286,4.714
24,Indonesia,IDN,2020-03-12,2.286,4.429,0.857,1.286,-1.143,4.714
25,Indonesia,IDN,2020-03-13,2.286,4.286,0.857,1.0,-1.0,4.714
26,Indonesia,IDN,2020-03-14,1.571,3.857,1.0,-0.143,-1.286,4.571
27,Indonesia,IDN,2020-03-15,0.429,3.714,1.286,-1.714,-2.429,4.571
28,Indonesia,IDN,2020-03-16,-0.857,3.571,1.857,-3.571,-3.429,2.714
29,Indonesia,IDN,2020-03-17,-2.571,2.857,2.571,-6.0,-5.143,0.286
30,Indonesia,IDN,2020-03-18,-4.571,2.143,3.571,-9.143,-7.143,-2.571
31,Indonesia,IDN,2020-03-19,-7.143,1.0,4.714,-13.0,-9.571,-5.571
32,Indonesia,IDN,2020-03-20,-10.143,-0.429,6.0,-17.571,-12.286,-9.0
33,Indonesia,IDN,2020-03-21,-13.143,-1.571,7.143,-21.571,-15.714,-11.286
34,Indonesia,IDN,2020-03-22,-16.714,-4.143,8.143,-25.857,-19.571,-12.857
35,Indonesia,IDN,2020-03-23,-19.571,-6.143,9.286,-30.0,-22.0,-15.571
36,Indonesia,IDN,2020-03-24,-22.429,-7.857,10.286,-33.714,-24.286,-18.143
37,Indonesia,IDN,2020-03-25,-26.286,-10.714,12.143,-38.143,-27.0,-24.286
38,Indonesia,IDN,2020-03-26,-28.857,-12.429,13.0,-41.0,-28.857,-26.714
39,Indonesia,IDN,2020-03-27,-31.286,-13.857,13.857,-43.571,-30.714,-28.857
40,Indonesia,IDN,2020-03-28,-34.0,-16.0,14.714,-46.0,-33.0,-30.571
41,Indonesia,IDN,2020-03-29,-36.143,-17.714,15.429,-47.714,-34.857,-31.714
42,Indonesia,IDN,2020-03-30,-37.429,-18.857,15.857,-49.143,-35.857,-32.714
43,Indonesia,IDN,2020-03-31,-38.286,-19.571,16.143,-50.143,-36.714,-33.286
44,Indonesia,IDN,2020-04-01,-37.286,-18.143,15.286,-49.714,-36.286,-29.857
45,Indonesia,IDN,2020-04-02,-37.143,-17.571,15.429,-50.286,-36.143,-30.0
46,Indonesia,IDN,2020-04-03,-37.0,-17.571,15.571,-50.857,-36.143,-30.143
47,Indonesia,IDN,2020-04-04,-36.714,-17.571,15.571,-51.429,-36.0,-30.429
48,Indonesia,IDN,2020-04-05,-36.143,-17.143,15.429,-52.0,-35.714,-30.714
49,Indonesia,IDN,2020-04-06,-35.857,-17.143,15.429,-52.429,-35.571,-30.714
50,Indonesia,IDN,2020-04-07,-35.571,-17.143,15.429,-52.714,-35.286,-30.714
51,Indonesia,IDN,2020-04-08,-36.0,-18.143,15.429,-53.143,-35.571,-30.857
52,Indonesia,IDN,2020-04-09,-35.714,-18.143,15.286,-53.143,-35.429,-30.857
53,Indonesia,IDN,2020-04-10,-36.857,-19.714,16.286,-54.714,-35.857,-34.571
54,Indonesia,IDN,2020-04-11,-37.286,-20.286,16.571,-55.429,-36.0,-35.286
55,Indonesia,IDN,2020-04-12,-37.714,-20.714,16.714,-55.857,-36.0,-35.286
56,Indonesia,IDN,2020-04-13,-37.571,-20.571,16.857,-56.143,-35.714,-35.429
57,Indonesia,IDN,2020-04-14,-37.714,-21.0,17.0,-56.571,-35.571,-35.571
58,Indonesia,IDN,2020-04-15,-37.857,-21.286,17.286,-57.0,-35.429,-35.571
59,Indonesia,IDN,2020-04-16,-38.286,-22.0,17.571,-57.857,-35.571,-35.714
60,Indonesia,IDN,2020-04-17,-37.571,-21.286,16.714,-57.0,-35.286,-32.143
61,Indonesia,IDN,2020-04-18,-37.571,-21.429,16.429,-56.857,-35.286,-31.286
62,Indonesia,IDN,2020-04-19,-37.429,-21.286,16.286,-56.714,-35.143,-30.857
63,Indonesia,IDN,2020-04-20,-37.571,-21.286,16.143,-56.714,-35.143,-30.714
64,Indonesia,IDN,2020-04-21,-37.714,-21.286,16.143,-56.857,-35.429,-30.714
65,Indonesia,IDN,2020-04-22,-37.571,-20.857,15.857,-56.571,-35.286,-30.714
66,Indonesia,IDN,2020-04-23,-37.286,-19.714,15.571,-55.714,-35.143,-30.857
67,Indonesia,IDN,2020-04-24,-38.857,-20.714,16.143,-56.571,-36.571,-32.0
68,Indonesia,IDN,2020-04-25,-39.857,-21.286,16.714,-57.429,-37.571,-32.857
69,Indonesia,IDN,2020-04-26,-41.0,-22.429,17.286,-58.571,-38.857,-33.429
70,Indonesia,IDN,2020-04-27,-42.286,-23.714,17.714,-59.429,-40.143,-33.714
71,Indonesia,IDN,2020-04-28,-43.429,-24.714,18.0,-60.286,-41.143,-34.0
72,Indonesia,IDN,2020-04-29,-44.571,-25.857,18.429,-61.286,-42.286,-34.143
73,Indonesia,IDN,2020-04-30,-45.714,-27.143,18.857,-62.429,-43.286,-34.0
74,Indonesia,IDN,2020-05-01,-45.0,-26.143,19.286,-62.857,-42.857,-36.286
75,Indonesia,IDN,2020-05-02,-44.429,-25.429,19.143,-62.571,-42.429,-36.0
76,Indonesia,IDN,2020-05-03,-43.714,-24.571,19.0,-62.143,-42.0,-35.429
77,Indonesia,IDN,2020-05-04,-43.0,-23.571,18.857,-61.857,-41.429,-35.286
78,Indonesia,IDN,2020-05-05,-42.429,-22.571,18.857,-61.429,-40.857,-35.0
79,Indonesia,IDN,2020-05-06,-41.857,-21.714,18.857,-61.143,-40.429,-34.857
80,Indonesia,IDN,2020-05-07,-42.429,-21.571,19.714,-61.714,-40.714,-38.0
81,Indonesia,IDN,2020-05-08,-42.429,-21.0,18.857,-60.571,-40.571,-34.571
82,Indonesia,IDN,2020-05-09,-42.714,-20.714,18.714,-60.143,-40.857,-34.286
83,Indonesia,IDN,2020-05-10,-42.714,-20.0,18.571,-59.714,-40.714,-34.0
84,Indonesia,IDN,2020-05-11,-42.857,-19.286,18.571,-59.143,-41.0,-33.857
85,Indonesia,IDN,2020-05-12,-42.714,-18.429,18.571,-58.571,-40.857,-33.714
86,Indonesia,IDN,2020-05-13,-42.571,-17.571,18.429,-58.0,-40.714,-33.429
87,Indonesia,IDN,2020-05-14,-41.429,-16.429,17.429,-56.714,-40.0,-30.0
88,Indonesia,IDN,2020-05-15,-40.286,-15.0,17.0,-56.0,-39.0,-29.571
89,Indonesia,IDN,2020-05-16,-38.714,-13.0,16.714,-55.143,-37.714,-29.0
90,Indonesia,IDN,2020-05-17,-37.571,-11.571,16.571,-54.429,-37.143,-28.429
91,Indonesia,IDN,2020-05-18,-36.714,-10.714,16.429,-54.143,-36.571,-28.286
92,Indonesia,IDN,2020-05-19,-35.429,-8.714,16.143,-53.286,-35.714,-28.143
93,Indonesia,IDN,2020-05-20,-33.857,-6.571,16.0,-52.286,-34.571,-28.143
94,Indonesia,IDN,2020-05-21,-32.143,-3.429,16.429,-51.429,-33.0,-31.429
95,Indonesia,IDN,2020-05-22,-30.857,-1.143,16.857,-50.714,-31.857,-33.429
96,Indonesia,IDN,2020-05-23,-30.571,0.857,17.0,-50.143,-30.857,-35.857
97,Indonesia,IDN,2020-05-24,-32.143,-1.571,16.0,-50.429,-30.143,-38.143
98,Indonesia,IDN,2020-05-25,-33.143,-2.571,16.286,-51.143,-27.857,-43.429
99,Indonesia,IDN,2020-05-26,-34.143,-4.429,16.286,-52.0,-26.857,-45.429
100,Indonesia,IDN,2020-05-27,-35.0,-6.0,16.286,-52.857,-26.286,-46.571
101,Indonesia,IDN,2020-05-28,-36.143,-8.857,15.714,-53.571,-26.571,-43.857
102,Indonesia,IDN,2020-05-29,-37.0,-11.429,15.429,-54.429,-27.143,-42.286
103,Indonesia,IDN,2020-05-30,-37.286,-13.857,15.143,-55.0,-27.286,-40.0
104,Indonesia,IDN,2020-05-31,-35.286,-11.429,15.714,-54.286,-26.286,-37.286
105,Indonesia,IDN,2020-06-01,-33.571,-10.0,15.857,-53.571,-26.429,-35.286
106,Indonesia,IDN,2020-06-02,-32.286,-8.857,15.429,-52.429,-26.714,-32.429
107,Indonesia,IDN,2020-06-03,-31.571,-8.286,15.143,-51.571,-26.857,-30.571
108,Indonesia,IDN,2020-06-04,-30.857,-7.857,14.857,-50.857,-26.714,-29.143
109,Indonesia,IDN,2020-06-05,-30.429,-7.571,14.571,-50.143,-26.571,-27.857
110,Indonesia,IDN,2020-06-06,-29.571,-7.143,14.429,-49.429,-26.143,-26.857
111,Indonesia,IDN,2020-06-07,-28.857,-6.714,14.286,-48.857,-25.429,-26.571
112,Indonesia,IDN,2020-06-08,-28.286,-6.571,13.286,-47.714,-26.143,-22.0
113,Indonesia,IDN,2020-06-09,-28.143,-7.0,13.286,-47.429,-26.143,-21.571
114,Indonesia,IDN,2020-06-10,-27.714,-7.0,13.143,-46.857,-25.857,-21.0
115,Indonesia,IDN,2020-06-11,-27.143,-7.0,13.143,-46.429,-25.571,-20.571
116,Indonesia,IDN,2020-06-12,-26.571,-7.0,13.0,-45.857,-25.143,-20.143
117,Indonesia,IDN,2020-06-13,-26.143,-7.0,12.857,-45.286,-24.571,-19.857
118,Indonesia,IDN,2020-06-14,-25.714,-7.0,12.714,-44.714,-23.714,-19.571
119,Indonesia,IDN,2020-06-15,-25.286,-7.0,12.714,-44.143,-23.571,-19.429
120,Indonesia,IDN,2020-06-16,-24.714,-6.714,12.571,-43.571,-23.143,-19.286
121,Indonesia,IDN,2020-06-17,-24.429,-6.857,12.429,-43.143,-23.143,-19.143
122,Indonesia,IDN,2020-06-18,-24.286,-7.143,12.143,-42.714,-23.286,-19.0
123,Indonesia,IDN,2020-06-19,-24.0,-7.286,12.0,-42.286,-23.286,-19.0
124,Indonesia,IDN,2020-06-20,-23.571,-7.143,11.714,-41.857,-23.0,-18.857
125,Indonesia,IDN,2020-06-21,-23.429,-7.286,11.714,-41.429,-22.857,-18.857
126,Indonesia,IDN,2020-06-22,-23.429,-7.571,11.714,-41.286,-22.714,-19.143
127,Indonesia,IDN,2020-06-23,-23.429,-7.857,11.714,-41.143,-22.714,-19.429
128,Indonesia,IDN,2020-06-24,-23.429,-8.143,11.714,-41.0,-22.571,-19.571
129,Indonesia,IDN,2020-06-25,-23.286,-7.714,11.714,-40.714,-22.143,-19.714
130,Indonesia,IDN,2020-06-26,-23.143,-7.286,11.714,-40.286,-21.857,-19.714
131,Indonesia,IDN,2020-06-27,-22.857,-7.0,11.714,-39.714,-21.286,-19.857
132,Indonesia,IDN,2020-06-28,-22.571,-6.571,11.571,-39.286,-20.571,-19.857
133,Indonesia,IDN,2020-06-29,-22.286,-6.143,11.429,-39.0,-20.0,-19.714
134,Indonesia,IDN,2020-06-30,-21.571,-5.143,11.286,-38.714,-19.571,-19.429
135,Indonesia,IDN,2020-07-01,-20.714,-3.857,11.143,-38.286,-19.0,-19.286
136,Indonesia,IDN,2020-07-02,-20.143,-3.429,11.143,-37.857,-18.714,-19.286
137,Indonesia,IDN,2020-07-03,-19.429,-2.714,11.0,-37.429,-18.0,-19.286
138,Indonesia,IDN,2020-07-04,-18.714,-2.143,10.857,-37.0,-17.143,-19.429
139,Indonesia,IDN,2020-07-05,-17.857,-1.286,10.714,-36.286,-16.143,-19.571
140,Indonesia,IDN,2020-07-06,-17.714,-1.143,10.714,-36.0,-16.429,-19.714
141,Indonesia,IDN,2020-07-07,-17.286,-1.0,10.714,-35.429,-16.0,-19.857
142,Indonesia,IDN,2020-07-08,-17.286,-1.571,10.714,-35.143,-16.0,-19.857
143,Indonesia,IDN,2020-07-09,-17.143,-1.571,10.714,-34.857,-15.857,-19.714
144,Indonesia,IDN,2020-07-10,-17.143,-1.857,10.714,-34.714,-15.857,-19.571
145,Indonesia,IDN,2020-07-11,-17.286,-2.0,10.714,-34.571,-16.0,-19.143
146,Indonesia,IDN,2020-07-12,-17.286,-2.286,10.857,-34.714,-16.286,-19.0
147,Indonesia,IDN,2020-07-13,-17.0,-2.286,10.857,-34.714,-16.143,-18.571
148,Indonesia,IDN,2020-07-14,-17.571,-3.143,11.0,-35.143,-16.857,-18.286
149,Indonesia,IDN,2020-07-15,-17.714,-3.429,11.143,-35.429,-17.286,-18.0
150,Indonesia,IDN,2020-07-16,-17.857,-3.714,11.143,-35.571,-17.571,-17.714
151,Indonesia,IDN,2020-07-17,-18.0,-4.0,11.286,-35.857,-17.857,-17.571
152,Indonesia,IDN,2020-07-18,-18.0,-4.286,11.429,-36.286,-18.143,-17.429
153,Indonesia,IDN,2020-07-19,-18.143,-4.571,11.429,-36.571,-18.429,-17.286
154,Indonesia,IDN,2020-07-20,-18.143,-4.571,11.429,-36.571,-18.429,-17.286
155,Indonesia,IDN,2020-07-21,-18.143,-4.714,11.429,-36.571,-18.429,-17.286
156,Indonesia,IDN,2020-07-22,-18.286,-5.0,11.429,-36.714,-18.429,-17.286
157,Indonesia,IDN,2020-07-23,-18.571,-5.286,11.429,-37.0,-18.571,-17.286
158,Indonesia,IDN,2020-07-24,-18.571,-5.286,11.429,-36.857,-18.286,-17.143
159,Indonesia,IDN,2020-07-25,-18.429,-5.0,11.429,-36.429,-18.143,-17.286
160,Indonesia,IDN,2020-07-26,-18.429,-4.857,11.571,-36.286,-18.143,-17.286
161,Indonesia,IDN,2020-07-27,-18.429,-4.714,11.571,-36.143,-17.857,-17.286
162,Indonesia,IDN,2020-07-28,-18.143,-4.0,11.571,-35.714,-17.429,-17.286
163,Indonesia,IDN,2020-07-29,-17.571,-2.714,11.571,-34.714,-16.714,-17.571
164,Indonesia,IDN,2020-07-30,-15.857,0.571,11.143,-32.286,-14.429,-18.143
165,Indonesia,IDN,2020-07-31,-17.286,-0.429,11.857,-33.429,-12.0,-24.143
166,Indonesia,IDN,2020-08-01,-17.857,-0.429,11.857,-34.0,-10.286,-26.143
167,Indonesia,IDN,2020-08-02,-17.714,0.143,11.429,-32.857,-8.857,-26.857
168,Indonesia,IDN,2020-08-03,-17.286,0.857,11.286,-32.143,-7.571,-27.143
169,Indonesia,IDN,2020-08-04,-17.0,1.286,11.143,-31.857,-6.714,-27.286
170,Indonesia,IDN,2020-08-05,-16.857,1.143,11.0,-32.143,-6.143,-27.286
171,Indonesia,IDN,2020-08-06,-17.714,-1.0,11.286,-33.857,-7.0,-27.0
172,Indonesia,IDN,2020-08-07,-15.714,0.714,10.286,-32.143,-8.286,-21.143
173,Indonesia,IDN,2020-08-08,-14.714,1.143,10.0,-31.0,-8.857,-19.143
174,Indonesia,IDN,2020-08-09,-14.286,1.0,10.0,-31.429,-9.143,-18.571
175,Indonesia,IDN,2020-08-10,-14.0,1.0,9.857,-31.571,-9.143,-18.286
176,Indonesia,IDN,2020-08-11,-14.143,0.429,9.857,-31.714,-9.571,-18.143
177,Indonesia,IDN,2020-08-12,-14.0,0.286,9.714,-31.714,-9.429,-18.0
178,Indonesia,IDN,2020-08-13,-14.286,-0.429,9.714,-31.857,-9.571,-17.857
179,Indonesia,IDN,2020-08-14,-14.143,-0.429,9.714,-31.571,-9.714,-17.857
180,Indonesia,IDN,2020-08-15,-14.0,-0.286,9.571,-30.857,-9.571,-17.857
181,Indonesia,IDN,2020-08-16,-13.714,0.0,9.571,-30.571,-8.143,-17.857
182,Indonesia,IDN,2020-08-17,-13.714,-0.571,10.429,-31.286,-2.714,-22.857
183,Indonesia,IDN,2020-08-18,-13.571,-0.286,10.286,-31.143,-1.714,-22.714
184,Indonesia,IDN,2020-08-19,-13.429,0.143,10.143,-30.571,-0.714,-22.571
185,Indonesia,IDN,2020-08-20,-13.0,0.571,10.857,-30.571,3.143,-26.857
186,Indonesia,IDN,2020-08-21,-13.143,0.286,11.286,-31.571,4.857,-29.143
187,Indonesia,IDN,2020-08-22,-13.714,-0.714,11.571,-32.857,5.571,-29.286
188,Indonesia,IDN,2020-08-23,-14.571,-1.714,11.714,-33.143,4.286,-29.0
189,Indonesia,IDN,2020-08-24,-15.0,-1.857,11.0,-32.571,-1.429,-23.714
190,Indonesia,IDN,2020-08-25,-15.0,-1.857,11.143,-32.714,-1.857,-23.571
191,Indonesia,IDN,2020-08-26,-15.429,-2.429,11.429,-33.429,-2.857,-23.429
192,Indonesia,IDN,2020-08-27,-15.571,-2.286,10.714,-33.286,-6.429,-18.857
193,Indonesia,IDN,2020-08-28,-15.571,-1.857,10.286,-32.571,-8.143,-16.286
194,Indonesia,IDN,2020-08-29,-15.143,-1.0,10.286,-32.143,-9.0,-15.714
195,Indonesia,IDN,2020-08-30,-14.286,0.143,10.143,-32.143,-8.429,-15.571
196,Indonesia,IDN,2020-08-31,-14.0,0.857,10.143,-32.143,-8.286,-15.571
197,Indonesia,IDN,2020-09-01,-13.571,1.714,10.143,-32.0,-8.143,-15.571
198,Indonesia,IDN,2020-09-02,-13.286,2.143,10.143,-31.857,-8.143,-15.714
199,Indonesia,IDN,2020-09-03,-13.286,2.143,10.143,-31.857,-8.571,-15.857
200,Indonesia,IDN,2020-09-04,-13.0,2.286,10.286,-31.857,-8.429,-16.0
201,Indonesia,IDN,2020-09-05,-12.714,2.571,10.286,-31.857,-8.0,-16.429
202,Indonesia,IDN,2020-09-06,-12.571,2.714,10.429,-31.857,-7.571,-16.857
203,Indonesia,IDN,2020-09-07,-12.429,2.714,10.429,-31.857,-7.429,-17.143
204,Indonesia,IDN,2020-09-08,-12.571,2.143,10.429,-32.0,-7.286,-17.429
205,Indonesia,IDN,2020-09-09,-12.714,1.857,10.429,-32.143,-7.143,-17.429
206,Indonesia,IDN,2020-09-10,-12.714,1.714,10.286,-32.143,-6.714,-17.429
207,Indonesia,IDN,2020-09-11,-12.857,1.143,10.0,-32.143,-6.571,-17.571
208,Indonesia,IDN,2020-09-12,-13.0,0.571,9.857,-32.143,-6.571,-17.571
209,Indonesia,IDN,2020-09-13,-13.429,-0.286,9.857,-32.286,-7.286,-17.714
210,Indonesia,IDN,2020-09-14,-14.143,-1.286,10.0,-33.429,-7.857,-17.714
211,Indonesia,IDN,2020-09-15,-14.857,-2.286,10.286,-34.571,-8.429,-17.714
212,Indonesia,IDN,2020-09-16,-15.143,-2.714,10.571,-35.429,-8.286,-17.857
213,Indonesia,IDN,2020-09-17,-15.571,-3.286,11.0,-36.429,-8.429,-18.0
214,Indonesia,IDN,2020-09-18,-16.286,-3.714,11.571,-37.571,-9.0,-18.0
215,Indonesia,IDN,2020-09-19,-17.0,-4.0,12.0,-38.857,-9.714,-18.0
216,Indonesia,IDN,2020-09-20,-18.0,-4.714,12.571,-40.429,-10.857,-18.143
217,Indonesia,IDN,2020-09-21,-18.429,-5.0,12.857,-40.429,-11.571,-18.286
218,Indonesia,IDN,2020-09-22,-19.143,-5.429,13.0,-40.429,-12.429,-18.571
219,Indonesia,IDN,2020-09-23,-20.286,-6.0,13.143,-40.429,-13.429,-18.857
220,Indonesia,IDN,2020-09-24,-21.286,-6.571,13.286,-40.286,-14.143,-19.143
221,Indonesia,IDN,2020-09-25,-22.0,-6.571,13.429,-40.0,-14.571,-19.571
222,Indonesia,IDN,2020-09-26,-22.714,-6.714,13.571,-39.571,-15.0,-19.857
223,Indonesia,IDN,2020-09-27,-23.0,-6.571,13.571,-38.857,-14.714,-20.286
224,Indonesia,IDN,2020-09-28,-23.286,-6.143,13.571,-38.429,-14.286,-20.429
225,Indonesia,IDN,2020-09-29,-23.286,-5.571,13.571,-37.857,-13.857,-20.429
226,Indonesia,IDN,2020-09-30,-22.857,-4.429,13.143,-37.286,-13.571,-20.571
227,Indonesia,IDN,2020-10-01,-22.429,-2.714,12.429,-36.714,-13.286,-20.714
228,Indonesia,IDN,2020-10-02,-21.857,-1.714,11.571,-36.286,-12.714,-20.857
229,Indonesia,IDN,2020-10-03,-21.143,-0.714,10.857,-35.714,-12.143,-21.429
230,Indonesia,IDN,2020-10-04,-20.286,0.571,10.0,-34.857,-11.286,-22.286
231,Indonesia,IDN,2020-10-05,-19.714,1.429,9.143,-34.429,-10.857,-22.714
232,Indonesia,IDN,2020-10-06,-19.286,2.0,8.286,-34.143,-10.286,-23.143
233,Indonesia,IDN,2020-10-07,-19.0,1.857,8.0,-34.143,-9.714,-23.143
234,Indonesia,IDN,2020-10-08,-18.714,1.143,8.286,-33.857,-8.571,-23.0
235,Indonesia,IDN,2020-10-09,-18.714,0.429,8.857,-34.143,-8.429,-22.714
236,Indonesia,IDN,2020-10-10,-19.143,-0.571,9.429,-34.571,-9.0,-22.143
237,Indonesia,IDN,2020-10-11,-19.0,-0.857,9.857,-34.857,-8.714,-21.143
238,Indonesia,IDN,2020-10-12,-19.0,-1.286,10.429,-34.857,-8.286,-20.571
239,Indonesia,IDN,2020-10-13,-19.0,-1.571,11.143,-35.143,-7.857,-20.143
240,Indonesia,IDN,2020-10-14,-18.714,-1.714,11.571,-35.143,-7.714,-19.714
241,Indonesia,IDN,2020-10-15,-18.429,-1.429,11.857,-35.143,-8.429,-19.429
242,Indonesia,IDN,2020-10-16,-18.429,-1.286,12.0,-34.714,-8.571,-19.286
243,Indonesia,IDN,2020-10-17,-17.714,-0.286,11.857,-33.857,-7.714,-19.143
244,Indonesia,IDN,2020-10-18,-17.714,-0.286,12.0,-33.286,-7.857,-19.143
245,Indonesia,IDN,2020-10-19,-18.143,-0.571,12.143,-33.143,-8.714,-19.143
246,Indonesia,IDN,2020-10-20,-18.143,-0.571,12.0,-32.571,-9.286,-19.0
247,Indonesia,IDN,2020-10-21,-18.714,-1.143,11.857,-32.429,-10.286,-19.143
248,Indonesia,IDN,2020-10-22,-18.857,-1.286,11.286,-32.286,-10.429,-19.429
249,Indonesia,IDN,2020-10-23,-18.571,-1.0,10.571,-31.857,-10.571,-19.571
250,Indonesia,IDN,2020-10-24,-18.714,-1.286,10.0,-31.714,-10.857,-19.714
251,Indonesia,IDN,2020-10-25,-18.714,-1.286,9.429,-31.571,-11.286,-20.143
252,Indonesia,IDN,2020-10-26,-18.286,-1.0,8.714,-31.286,-11.143,-20.286
253,Indonesia,IDN,2020-10-27,-17.857,-0.143,8.0,-30.286,-11.0,-20.429
254,Indonesia,IDN,2020-10-28,-16.429,1.857,7.571,-28.286,-8.429,-22.571
255,Indonesia,IDN,2020-10-29,-15.286,2.571,8.0,-27.429,-3.143,-27.286
256,Indonesia,IDN,2020-10-30,-15.0,2.429,8.286,-27.714,-1.0,-30.0
257,Indonesia,IDN,2020-10-31,-15.714,1.143,8.429,-27.857,-1.0,-31.0
258,Indonesia,IDN,2020-11-01,-15.571,1.286,8.286,-26.571,-0.571,-31.286
259,Indonesia,IDN,2020-11-02,-15.286,1.714,8.143,-25.857,-0.714,-31.286
260,Indonesia,IDN,2020-11-03,-15.143,1.429,8.143,-26.286,-1.286,-31.286
261,Indonesia,IDN,2020-11-04,-15.714,0.286,8.143,-27.714,-3.571,-29.286
262,Indonesia,IDN,2020-11-05,-16.714,-0.571,7.571,-28.714,-9.571,-24.714
263,Indonesia,IDN,2020-11-06,-16.714,-0.286,7.143,-28.286,-11.571,-22.143
264,Indonesia,IDN,2020-11-07,-15.571,0.857,7.0,-28.0,-11.429,-21.429
265,Indonesia,IDN,2020-11-08,-15.429,0.714,7.143,-29.0,-11.429,-21.429
266,Indonesia,IDN,2020-11-09,-15.571,0.429,7.286,-29.571,-11.143,-21.571
267,Indonesia,IDN,2020-11-10,-15.714,0.143,7.429,-29.714,-10.714,-21.714
268,Indonesia,IDN,2020-11-11,-15.714,0.143,7.429,-29.714,-10.571,-21.714
269,Indonesia,IDN,2020-11-12,-15.429,0.286,7.429,-29.429,-9.857,-21.571
270,Indonesia,IDN,2020-11-13,-15.429,0.0,7.571,-29.286,-9.857,-21.429
271,Indonesia,IDN,2020-11-14,-15.571,-0.143,7.571,-29.286,-10.143,-21.286
272,Indonesia,IDN,2020-11-15,-15.571,-0.286,7.429,-29.286,-10.286,-21.286
273,Indonesia,IDN,2020-11-16,-15.571,-0.429,7.429,-29.286,-10.429,-21.143
274,Indonesia,IDN,2020-11-17,-15.714,-0.571,7.429,-29.571,-10.571,-21.0
275,Indonesia,IDN,2020-11-18,-16.0,-0.857,7.429,-29.714,-10.571,-21.0
276,Indonesia,IDN,2020-11-19,-16.429,-1.143,7.429,-29.857,-11.429,-21.0
277,Indonesia,IDN,2020-11-20,-16.571,-1.143,7.429,-30.0,-11.857,-21.0
278,Indonesia,IDN,2020-11-21,-16.714,-1.143,7.429,-30.143,-12.286,-21.143
279,Indonesia,IDN,2020-11-22,-17.0,-1.429,7.571,-30.429,-13.286,-21.286
280,Indonesia,IDN,2020-11-23,-17.429,-2.143,7.571,-30.714,-14.286,-21.429
281,Indonesia,IDN,2020-11-24,-17.714,-2.571,7.571,-30.857,-15.143,-21.571
282,Indonesia,IDN,2020-11-25,-17.714,-2.429,7.571,-30.714,-15.857,-21.571
283,Indonesia,IDN,2020-11-26,-17.286,-1.857,7.571,-30.286,-15.571,-21.429
284,Indonesia,IDN,2020-11-27,-17.286,-1.857,7.429,-30.143,-15.714,-21.429
285,Indonesia,IDN,2020-11-28,-17.286,-1.714,7.429,-29.857,-16.143,-21.286
286,Indonesia,IDN,2020-11-29,-17.286,-1.571,7.429,-29.571,-16.429,-21.0
287,Indonesia,IDN,2020-11-30,-16.571,-0.143,7.286,-29.143,-15.857,-20.857
288,Indonesia,IDN,2020-12-01,-15.857,1.429,7.143,-28.571,-15.429,-20.714
289,Indonesia,IDN,2020-12-02,-15.429,2.286,7.0,-28.429,-15.143,-20.571
290,Indonesia,IDN,2020-12-03,-15.286,2.571,7.0,-28.714,-15.143,-20.571
291,Indonesia,IDN,2020-12-04,-15.0,3.143,7.0,-28.714,-15.286,-20.571
292,Indonesia,IDN,2020-12-05,-15.0,3.286,7.0,-28.714,-15.429,-20.571
293,Indonesia,IDN,2020-12-06,-14.857,3.429,7.143,-29.0,-16.0,-20.857
294,Indonesia,IDN,2020-12-07,-15.143,3.0,7.286,-29.143,-16.286,-21.143
295,Indonesia,IDN,2020-12-08,-15.0,2.714,7.143,-29.143,-15.857,-21.143
296,Indonesia,IDN,2020-12-09,-15.143,1.857,8.286,-30.143,-14.714,-25.714
297,Indonesia,IDN,2020-12-10,-15.286,2.0,8.429,-29.571,-14.143,-25.429
298,Indonesia,IDN,2020-12-11,-15.429,1.857,9.0,-29.286,-13.571,-25.143
299,Indonesia,IDN,2020-12-12,-15.714,1.857,9.429,-29.0,-13.429,-24.857
300,Indonesia,IDN,2020-12-13,-15.714,2.0,9.714,-28.143,-12.286,-24.0
301,Indonesia,IDN,2020-12-14,-15.571,2.143,10.143,-27.571,-11.286,-23.429
302,Indonesia,IDN,2020-12-15,-15.857,1.857,10.857,-27.143,-11.0,-23.286
303,Indonesia,IDN,2020-12-16,-15.857,2.286,10.286,-25.571,-11.429,-18.571
304,Indonesia,IDN,2020-12-17,-16.0,1.857,10.571,-25.143,-11.571,-18.714
305,Indonesia,IDN,2020-12-18,-16.0,2.0,10.429,-24.714,-11.429,-18.714
306,Indonesia,IDN,2020-12-19,-15.429,2.571,10.286,-24.143,-10.429,-18.571
307,Indonesia,IDN,2020-12-20,-15.0,3.143,10.143,-23.714,-9.571,-18.571
308,Indonesia,IDN,2020-12-21,-14.429,3.571,10.143,-23.286,-8.429,-19.0
309,Indonesia,IDN,2020-12-22,-13.857,4.0,10.0,-22.714,-7.143,-19.286
310,Indonesia,IDN,2020-12-23,-13.0,5.143,9.714,-21.429,-5.571,-19.714
311,Indonesia,IDN,2020-12-24,-11.857,6.571,10.0,-20.571,-2.429,-22.571
312,Indonesia,IDN,2020-12-25,-11.857,6.143,11.0,-21.714,0.857,-27.714
313,Indonesia,IDN,2020-12-26,-12.429,5.429,11.286,-22.857,2.143,-29.571
314,Indonesia,IDN,2020-12-27,-12.857,4.857,11.286,-23.143,2.857,-29.714
315,Indonesia,IDN,2020-12-28,-13.0,5.0,11.429,-23.429,3.571,-30.286
316,Indonesia,IDN,2020-12-29,-13.571,4.571,11.714,-24.143,3.714,-31.0
317,Indonesia,IDN,2020-12-30,-14.143,4.143,12.0,-25.0,3.714,-31.714
318,Indonesia,IDN,2020-12-31,-14.143,5.571,11.857,-25.571,4.714,-32.143
319,Indonesia,IDN,2021-01-01,-15.429,4.571,12.0,-26.857,5.857,-33.429
320,Indonesia,IDN,2021-01-02,-15.571,5.0,12.143,-26.714,6.429,-34.429
321,Indonesia,IDN,2021-01-03,-16.0,4.857,12.286,-26.571,5.714,-34.857
322,Indonesia,IDN,2021-01-04,-16.429,4.714,12.143,-26.571,4.429,-34.143
323,Indonesia,IDN,2021-01-05,-16.857,4.714,12.143,-26.714,2.857,-33.286
324,Indonesia,IDN,2021-01-06,-17.286,4.0,12.286,-27.714,1.143,-32.286
325,Indonesia,IDN,2021-01-07,-18.571,1.286,12.286,-29.0,-3.0,-29.143
326,Indonesia,IDN,2021-01-08,-17.571,2.429,11.286,-27.714,-7.857,-23.0
327,Indonesia,IDN,2021-01-09,-17.857,1.429,11.143,-28.571,-11.0,-20.714
328,Indonesia,IDN,2021-01-10,-17.714,1.571,11.143,-29.714,-12.429,-20.571
329,Indonesia,IDN,2021-01-11,-18.143,0.571,11.143,-31.0,-13.714,-20.714
330,Indonesia,IDN,2021-01-12,-18.714,-0.714,11.143,-32.286,-14.857,-21.143
331,Indonesia,IDN,2021-01-13,-19.857,-2.429,10.857,-33.571,-16.429,-21.857
332,Indonesia,IDN,2021-01-14,-21.143,-4.714,10.571,-35.143,-18.429,-23.143
333,Indonesia,IDN,2021-01-15,-22.857,-7.286,10.286,-36.857,-20.429,-24.714
334,Indonesia,IDN,2021-01-16,-24.286,-9.429,10.143,-38.429,-22.429,-26.429
335,Indonesia,IDN,2021-01-17,-26.0,-12.0,10.143,-40.429,-24.429,-28.286
336,Indonesia,IDN,2021-01-18,-27.714,-14.429,10.286,-41.714,-26.714,-29.714
337,Indonesia,IDN,2021-01-19,-28.714,-15.857,10.143,-42.714,-28.0,-30.714
338,Indonesia,IDN,2021-01-20,-29.429,-16.857,10.286,-43.429,-28.857,-31.429
339,Indonesia,IDN,2021-01-21,-29.714,-17.286,10.571,-43.714,-29.143,-31.429
340,Indonesia,IDN,2021-01-22,-29.571,-17.143,10.857,-43.571,-29.143,-31.143
341,Indonesia,IDN,2021-01-23,-28.857,-16.286,10.857,-43.143,-28.286,-30.429
342,Indonesia,IDN,2021-01-24,-28.857,-16.429,11.143,-43.429,-28.571,-30.0
343,Indonesia,IDN,2021-01-25,-28.143,-15.429,11.0,-43.0,-27.714,-29.429
344,Indonesia,IDN,2021-01-26,-27.857,-15.143,11.0,-42.571,-27.571,-29.0
345,Indonesia,IDN,2021-01-27,-27.571,-14.714,11.143,-42.143,-27.714,-28.571
346,Indonesia,IDN,2021-01-28,-27.143,-13.857,11.0,-41.571,-27.571,-28.286
347,Indonesia,IDN,2021-01-29,-26.857,-13.143,10.857,-41.0,-27.571,-27.857
348,Indonesia,IDN,2021-01-30,-26.857,-12.429,10.571,-40.429,-28.143,-27.571
349,Indonesia,IDN,2021-01-31,-25.714,-10.286,9.857,-39.0,-27.571,-26.857
350,Indonesia,IDN,2021-02-01,-25.429,-9.286,9.429,-38.571,-28.0,-26.714
351,Indonesia,IDN,2021-02-02,-24.714,-7.714,8.857,-38.0,-27.857,-26.571
352,Indonesia,IDN,2021-02-03,-24.571,-7.286,8.286,-37.714,-28.143,-26.714
353,Indonesia,IDN,2021-02-04,-24.571,-7.143,7.857,-37.571,-28.571,-26.857
354,Indonesia,IDN,2021-02-05,-23.714,-6.0,7.429,-37.143,-28.143,-27.0
355,Indonesia,IDN,2021-02-06,-23.571,-6.286,7.429,-37.0,-28.143,-27.714
356,Indonesia,IDN,2021-02-07,-24.429,-7.857,7.571,-37.714,-29.0,-28.714
357,Indonesia,IDN,2021-02-08,-24.429,-8.286,7.571,-37.571,-29.0,-29.0
358,Indonesia,IDN,2021-02-09,-24.286,-8.429,7.571,-37.286,-28.857,-29.143
359,Indonesia,IDN,2021-02-10,-23.571,-7.571,7.429,-36.714,-28.143,-29.0
360,Indonesia,IDN,2021-02-11,-22.429,-6.286,7.143,-35.286,-26.714,-28.857
361,Indonesia,IDN,2021-02-12,-22.571,-6.857,8.0,-35.857,-24.857,-33.286
362,Indonesia,IDN,2021-02-13,-22.286,-6.429,7.857,-36.286,-23.429,-33.714
363,Indonesia,IDN,2021-02-14,-21.714,-5.429,7.714,-35.429,-22.143,-33.429
364,Indonesia,IDN,2021-02-15,-21.429,-5.0,7.571,-35.143,-21.571,-33.143
365,Indonesia,IDN,2021-02-16,-21.714,-5.286,7.571,-35.429,-21.429,-33.0
366,Indonesia,IDN,2021-02-17,-21.857,-5.429,7.571,-35.571,-21.571,-32.857
367,Indonesia,IDN,2021-02-18,-23.0,-6.714,7.857,-36.857,-22.857,-32.714
368,Indonesia,IDN,2021-02-19,-23.143,-6.429,7.0,-36.429,-24.857,-28.0
369,Indonesia,IDN,2021-02-20,-23.286,-6.286,7.0,-36.143,-25.714,-27.143
370,Indonesia,IDN,2021-02-21,-22.857,-5.714,6.857,-36.571,-25.429,-26.714
371,Indonesia,IDN,2021-02-22,-22.857,-5.714,6.857,-36.857,-25.429,-26.571
372,Indonesia,IDN,2021-02-23,-22.857,-5.857,6.857,-36.857,-25.714,-26.286
373,Indonesia,IDN,2021-02-24,-23.0,-6.143,6.857,-37.143,-25.714,-26.0
374,Indonesia,IDN,2021-02-25,-22.286,-5.0,6.714,-36.714,-25.143,-25.714
375,Indonesia,IDN,2021-02-26,-21.714,-4.143,6.571,-36.143,-24.714,-25.429
376,Indonesia,IDN,2021-02-27,-20.714,-2.714,6.286,-35.143,-24.0,-24.857
377,Indonesia,IDN,2021-02-28,-19.857,-1.429,6.143,-34.0,-23.286,-24.286
378,Indonesia,IDN,2021-03-01,-19.143,0.0,5.857,-33.429,-22.714,-24.0
379,Indonesia,IDN,2021-03-02,-18.429,1.286,5.714,-32.857,-22.286,-23.857
380,Indonesia,IDN,2021-03-03,-17.571,2.857,5.571,-32.143,-21.571,-23.857
381,Indonesia,IDN,2021-03-04,-17.286,3.143,5.429,-31.857,-21.286,-23.857
382,Indonesia,IDN,2021-03-05,-17.0,3.286,5.286,-31.714,-20.857,-23.857
383,Indonesia,IDN,2021-03-06,-17.0,3.0,5.286,-31.429,-20.714,-24.0
384,Indonesia,IDN,2021-03-07,-17.429,2.286,5.429,-31.571,-21.0,-24.571
385,Indonesia,IDN,2021-03-08,-17.714,1.571,5.571,-31.571,-21.286,-24.571
386,Indonesia,IDN,2021-03-09,-17.571,1.429,5.571,-31.429,-21.0,-24.571
387,Indonesia,IDN,2021-03-10,-17.286,1.571,5.429,-30.571,-20.286,-24.429
388,Indonesia,IDN,2021-03-11,-16.571,2.0,6.286,-30.571,-17.0,-29.0
389,Indonesia,IDN,2021-03-12,-16.714,1.857,6.429,-30.714,-16.571,-29.286
390,Indonesia,IDN,2021-03-13,-16.571,2.0,6.429,-30.857,-15.429,-29.429
391,Indonesia,IDN,2021-03-14,-16.571,1.857,6.429,-30.429,-14.571,-29.714
392,Indonesia,IDN,2021-03-15,-16.286,2.286,6.286,-30.0,-13.571,-29.714
393,Indonesia,IDN,2021-03-16,-16.429,2.143,6.286,-30.0,-13.429,-29.571
394,Indonesia,IDN,2021-03-17,-16.714,1.571,6.429,-30.714,-13.714,-29.286
395,Indonesia,IDN,2021-03-18,-17.429,1.0,5.571,-30.571,-16.857,-24.286
396,Indonesia,IDN,2021-03-19,-17.286,1.143,5.429,-30.143,-16.857,-23.714
397,Indonesia,IDN,2021-03-20,-17.143,1.286,5.429,-30.0,-17.143,-23.143
398,Indonesia,IDN,2021-03-21,-16.714,1.714,5.286,-30.286,-16.857,-22.429
399,Indonesia,IDN,2021-03-22,-16.857,1.429,5.429,-30.571,-17.286,-22.143
400,Indonesia,IDN,2021-03-23,-16.857,1.429,5.429,-30.571,-17.286,-22.0
401,Indonesia,IDN,2021-03-24,-16.857,1.429,5.429,-30.571,-17.286,-22.0
402,Indonesia,IDN,2021-03-25,-16.571,1.857,5.429,-30.286,-17.0,-22.0
403,Indonesia,IDN,2021-03-26,-16.143,2.429,5.429,-30.0,-16.714,-21.857
404,Indonesia,IDN,2021-03-27,-16.286,2.286,5.429,-29.857,-17.0,-21.857
405,Indonesia,IDN,2021-03-28,-16.143,2.857,5.429,-29.429,-17.0,-21.714
406,Indonesia,IDN,2021-03-29,-15.857,3.429,5.286,-29.143,-16.857,-21.714
407,Indonesia,IDN,2021-03-30,-15.714,3.714,5.286,-28.857,-17.0,-21.714
408,Indonesia,IDN,2021-03-31,-15.286,4.429,5.143,-28.143,-16.714,-21.714
409,Indonesia,IDN,2021-04-01,-14.429,6.143,4.857,-26.143,-15.857,-21.714
410,Indonesia,IDN,2021-04-02,-13.429,7.571,5.429,-25.286,-12.714,-26.571
411,Indonesia,IDN,2021-04-03,-12.714,8.571,5.286,-24.857,-10.857,-27.286
412,Indonesia,IDN,2021-04-04,-12.143,9.286,4.857,-23.143,-9.857,-27.429
413,Indonesia,IDN,2021-04-05,-11.429,10.286,4.714,-22.0,-9.0,-27.429
414,Indonesia,IDN,2021-04-06,-10.714,11.429,4.429,-21.0,-7.857,-27.286
415,Indonesia,IDN,2021-04-07,-10.286,12.0,4.286,-20.571,-7.286,-27.429
416,Indonesia,IDN,2021-04-08,-10.286,11.429,4.286,-21.429,-6.857,-27.286
417,Indonesia,IDN,2021-04-09,-10.429,10.857,3.429,-21.143,-9.143,-22.429
418,Indonesia,IDN,2021-04-10,-9.857,11.571,3.143,-19.714,-9.429,-21.571
419,Indonesia,IDN,2021-04-11,-9.286,12.286,3.143,-19.714,-9.143,-21.429
420,Indonesia,IDN,2021-04-12,-8.571,13.714,3.143,-19.286,-8.0,-22.0
421,Indonesia,IDN,2021-04-13,-11.143,12.143,4.286,-21.429,-10.571,-23.714
422,Indonesia,IDN,2021-04-14,-13.286,10.571,5.143,-23.143,-12.714,-24.571
423,Indonesia,IDN,2021-04-15,-15.143,9.143,5.857,-24.857,-14.714,-25.0
424,Indonesia,IDN,2021-04-16,-16.857,7.857,6.571,-26.714,-16.714,-25.143
425,Indonesia,IDN,2021-04-17,-19.0,5.714,7.714,-29.714,-20.143,-25.286
426,Indonesia,IDN,2021-04-18,-21.143,3.429,9.0,-32.714,-24.857,-25.143
427,Indonesia,IDN,2021-04-19,-23.0,0.714,9.571,-34.714,-27.571,-24.429
428,Indonesia,IDN,2021-04-20,-21.143,1.714,9.0,-33.857,-26.143,-22.714
429,Indonesia,IDN,2021-04-21,-19.714,2.714,8.714,-33.286,-25.143,-21.571
430,Indonesia,IDN,2021-04-22,-18.857,3.286,8.571,-33.0,-24.714,-21.143
431,Indonesia,IDN,2021-04-23,-18.286,3.571,8.571,-32.714,-24.429,-20.857
432,Indonesia,IDN,2021-04-24,-17.429,4.286,8.429,-32.143,-23.714,-20.571
433,Indonesia,IDN,2021-04-25,-16.571,5.143,8.286,-31.571,-23.0,-20.286
434,Indonesia,IDN,2021-04-26,-16.0,5.714,8.286,-31.286,-22.571,-20.143
435,Indonesia,IDN,2021-04-27,-15.571,5.857,8.286,-31.0,-22.429,-20.0
436,Indonesia,IDN,2021-04-28,-15.286,6.143,8.286,-30.714,-22.429,-20.0
437,Indonesia,IDN,2021-04-29,-14.286,7.286,8.286,-29.857,-22.0,-19.857
438,Indonesia,IDN,2021-04-30,-13.143,9.143,8.0,-28.571,-21.286,-19.714
439,Indonesia,IDN,2021-05-01,-11.571,11.429,8.0,-27.0,-20.0,-22.714
440,Indonesia,IDN,2021-05-02,-10.143,13.429,7.571,-25.571,-19.429,-22.571
441,Indonesia,IDN,2021-05-03,-8.429,16.0,7.143,-24.143,-18.143,-22.714
442,Indonesia,IDN,2021-05-04,-6.857,18.714,6.714,-22.286,-16.714,-22.857
443,Indonesia,IDN,2021-05-05,-5.143,21.286,6.286,-20.429,-15.143,-23.143
444,Indonesia,IDN,2021-05-06,-4.143,23.0,6.143,-21.286,-14.0,-23.571
445,Indonesia,IDN,2021-05-07,-3.286,24.143,6.143,-22.857,-13.143,-23.857
446,Indonesia,IDN,2021-05-08,-3.0,24.714,5.857,-24.714,-13.286,-21.143
447,Indonesia,IDN,2021-05-09,-2.286,25.714,5.857,-26.571,-12.714,-21.0
448,Indonesia,IDN,2021-05-10,-1.143,27.286,6.143,-28.0,-11.286,-22.143
449,Indonesia,IDN,2021-05-11,0.429,30.143,6.429,-29.286,-9.286,-23.857
450,Indonesia,IDN,2021-05-12,1.429,34.143,7.429,-31.429,-6.143,-29.0
451,Indonesia,IDN,2021-05-13,-0.143,31.571,7.0,-33.429,-1.714,-35.571
452,Indonesia,IDN,2021-05-14,-1.0,30.143,7.429,-34.714,4.571,-42.714
453,Indonesia,IDN,2021-05-15,-1.429,29.143,7.143,-35.0,10.857,-47.571
454,Indonesia,IDN,2021-05-16,-1.857,28.143,6.571,-34.857,15.857,-49.714
455,Indonesia,IDN,2021-05-17,-2.571,26.571,6.429,-35.0,18.714,-50.286
456,Indonesia,IDN,2021-05-18,-3.857,23.429,6.143,-33.714,20.429,-49.857
457,Indonesia,IDN,2021-05-19,-4.857,18.857,5.143,-31.857,20.429,-45.286
458,Indonesia,IDN,2021-05-20,-3.286,21.0,5.429,-28.571,19.143,-38.857
459,Indonesia,IDN,2021-05-21,-2.857,21.286,5.0,-25.714,14.857,-31.714
460,Indonesia,IDN,2021-05-22,-2.714,21.286,5.143,-23.286,11.429,-26.714
461,Indonesia,IDN,2021-05-23,-2.857,21.143,5.571,-20.857,10.429,-24.571
462,Indonesia,IDN,2021-05-24,-3.714,19.857,5.571,-19.429,7.857,-22.571
463,Indonesia,IDN,2021-05-25,-3.714,19.857,5.571,-19.143,6.571,-21.0
464,Indonesia,IDN,2021-05-26,-3.0,20.0,6.571,-19.143,9.286,-24.857
465,Indonesia,IDN,2021-05-27,-2.714,20.0,6.571,-18.571,8.143,-24.0
466,Indonesia,IDN,2021-05-28,-2.286,20.429,6.571,-18.0,7.571,-23.286
467,Indonesia,IDN,2021-05-29,-2.143,20.429,6.571,-17.571,6.857,-22.571
468,Indonesia,IDN,2021-05-30,-1.429,21.143,6.429,-17.143,7.286,-22.286
469,Indonesia,IDN,2021-05-31,0.0,22.714,6.286,-16.286,8.857,-22.286
470,Indonesia,IDN,2021-06-01,1.143,23.429,7.286,-16.429,12.571,-27.286
471,Indonesia,IDN,2021-06-02,1.0,24.0,6.286,-16.143,8.857,-22.0
472,Indonesia,IDN,2021-06-03,1.571,24.857,6.286,-16.0,9.286,-21.714
473,Indonesia,IDN,2021-06-04,1.857,25.286,6.143,-16.0,9.714,-21.571
474,Indonesia,IDN,2021-06-05,2.714,26.571,6.0,-15.714,10.714,-21.571
475,Indonesia,IDN,2021-06-06,2.714,26.571,6.0,-15.714,10.429,-21.714
476,Indonesia,IDN,2021-06-07,2.286,26.286,6.0,-16.143,9.571,-21.429
477,Indonesia,IDN,2021-06-08,1.429,25.571,5.143,-16.714,5.714,-16.0
478,Indonesia,IDN,2021-06-09,1.286,25.143,5.286,-17.143,5.714,-16.0
479,Indonesia,IDN,2021-06-10,1.0,24.571,5.286,-17.429,5.286,-16.0
480,Indonesia,IDN,2021-06-11,0.857,24.143,5.429,-17.714,4.857,-16.0
481,Indonesia,IDN,2021-06-12,0.429,23.429,5.571,-18.286,4.286,-15.857
482,Indonesia,IDN,2021-06-13,0.143,22.857,5.714,-18.857,4.0,-15.714
483,Indonesia,IDN,2021-06-14,-0.286,22.143,5.857,-19.143,3.429,-15.714
484,Indonesia,IDN,2021-06-15,-1.0,21.286,6.0,-19.429,2.429,-15.857
485,Indonesia,IDN,2021-06-16,-1.571,20.429,6.143,-19.857,1.429,-16.143
486,Indonesia,IDN,2021-06-17,-2.286,19.571,6.286,-20.429,0.714,-16.429
487,Indonesia,IDN,2021-06-18,-3.143,18.714,6.429,-21.143,0.0,-16.714
488,Indonesia,IDN,2021-06-19,-4.429,17.571,6.714,-22.429,-1.714,-17.0
489,Indonesia,IDN,2021-06-20,-5.857,16.286,7.0,-24.0,-3.714,-17.429
490,Indonesia,IDN,2021-06-21,-6.857,15.571,7.286,-25.0,-4.857,-18.143
491,Indonesia,IDN,2021-06-22,-7.429,15.429,7.429,-25.857,-5.286,-18.857
492,Indonesia,IDN,2021-06-23,-8.286,14.857,7.714,-26.857,-5.857,-19.429
493,Indonesia,IDN,2021-06-24,-9.286,14.143,8.143,-27.857,-6.857,-20.143
494,Indonesia,IDN,2021-06-25,-9.429,14.714,8.429,-28.714,-7.143,-20.857
495,Indonesia,IDN,2021-06-26,-9.714,15.0,8.571,-29.429,-7.429,-21.286
496,Indonesia,IDN,2021-06-27,-10.0,15.143,8.857,-30.286,-8.0,-21.286
497,Indonesia,IDN,2021-06-28,-10.0,15.571,9.143,-31.0,-8.286,-21.714
498,Indonesia,IDN,2021-06-29,-10.286,15.571,9.429,-31.857,-8.857,-22.143
499,Indonesia,IDN,2021-06-30,-10.571,16.286,9.429,-32.571,-9.429,-22.714
500,Indonesia,IDN,2021-07-01,-10.0,18.0,9.571,-33.0,-9.286,-23.0
501,Indonesia,IDN,2021-07-02,-10.0,18.857,9.857,-33.286,-9.571,-23.429
502,Indonesia,IDN,2021-07-03,-10.714,19.0,10.286,-34.571,-10.714,-24.143
503,Indonesia,IDN,2021-07-04,-11.714,19.0,10.714,-36.0,-12.571,-25.0
504,Indonesia,IDN,2021-07-05,-12.429,19.286,11.143,-37.286,-13.429,-25.571
505,Indonesia,IDN,2021-07-06,-13.143,19.571,11.571,-38.571,-14.286,-26.143
506,Indonesia,IDN,2021-07-07,-13.857,19.429,12.143,-39.857,-15.0,-26.714
507,Indonesia,IDN,2021-07-08,-15.429,18.0,12.571,-41.429,-16.429,-27.429
508,Indonesia,IDN,2021-07-09,-17.143,16.143,13.0,-43.429,-18.143,-28.143
509,Indonesia,IDN,2021-07-10,-18.143,15.0,13.286,-44.429,-19.429,-28.429
510,Indonesia,IDN,2021-07-11,-19.0,14.143,13.429,-45.143,-20.571,-28.571
511,Indonesia,IDN,2021-07-12,-19.857,13.0,13.571,-46.0,-21.429,-28.857
512,Indonesia,IDN,2021-07-13,-20.714,11.714,13.714,-46.714,-22.286,-29.143
513,Indonesia,IDN,2021-07-14,-21.286,10.714,13.857,-47.429,-23.143,-29.286
514,Indonesia,IDN,2021-07-15,-21.429,10.286,13.857,-47.857,-23.571,-29.286
515,Indonesia,IDN,2021-07-16,-21.714,9.857,13.857,-48.143,-23.714,-29.286
516,Indonesia,IDN,2021-07-17,-21.714,9.857,13.857,-48.429,-23.714,-29.143
517,Indonesia,IDN,2021-07-18,-21.714,9.857,13.857,-48.714,-23.714,-28.857
518,Indonesia,IDN,2021-07-19,-21.0,11.429,13.857,-48.429,-22.571,-29.571
519,Indonesia,IDN,2021-07-20,-23.0,8.571,14.857,-50.286,-22.143,-35.0
520,Indonesia,IDN,2021-07-21,-23.143,8.714,14.571,-50.0,-21.429,-35.143
521,Indonesia,IDN,2021-07-22,-23.571,8.857,14.286,-49.714,-20.857,-35.143
522,Indonesia,IDN,2021-07-23,-23.857,9.0,14.143,-49.429,-20.571,-35.0
523,Indonesia,IDN,2021-07-24,-24.0,9.143,14.0,-49.0,-20.143,-34.857
524,Indonesia,IDN,2021-07-25,-23.857,9.571,13.714,-48.429,-19.429,-34.857
525,Indonesia,IDN,2021-07-26,-24.429,8.286,13.429,-48.0,-20.0,-33.571
526,Indonesia,IDN,2021-07-27,-22.143,11.714,12.143,-45.429,-19.857,-27.571
527,Indonesia,IDN,2021-07-28,-21.857,12.0,12.143,-44.857,-19.857,-26.714
528,Indonesia,IDN,2021-07-29,-21.286,12.143,12.143,-44.429,-19.714,-26.143
529,Indonesia,IDN,2021-07-30,-20.571,12.714,12.0,-43.857,-19.429,-25.571
530,Indonesia,IDN,2021-07-31,-20.0,13.286,11.714,-43.286,-19.286,-25.0
531,Indonesia,IDN,2021-08-01,-19.286,14.143,11.571,-42.714,-18.857,-24.857
532,Indonesia,IDN,2021-08-02,-18.714,14.857,11.429,-42.429,-18.714,-24.571
533,Indonesia,IDN,2021-08-03,-18.143,15.429,11.286,-41.857,-18.714,-24.286
534,Indonesia,IDN,2021-08-04,-17.429,16.0,11.143,-41.429,-18.429,-24.0
535,Indonesia,IDN,2021-08-05,-16.857,16.571,11.0,-41.0,-18.143,-23.857
536,Indonesia,IDN,2021-08-06,-16.143,17.143,10.714,-40.429,-17.429,-23.714
537,Indonesia,IDN,2021-08-07,-15.286,17.714,10.571,-39.714,-16.429,-23.714
538,Indonesia,IDN,2021-08-08,-14.857,17.714,10.429,-39.286,-15.571,-23.571
539,Indonesia,IDN,2021-08-09,-14.571,17.429,10.286,-39.0,-15.0,-23.571
540,Indonesia,IDN,2021-08-10,-14.286,17.143,10.143,-39.0,-14.0,-23.857
541,Indonesia,IDN,2021-08-11,-13.714,17.286,10.857,-39.429,-12.714,-27.857
542,Indonesia,IDN,2021-08-12,-13.429,17.0,10.571,-39.0,-13.143,-27.429
543,Indonesia,IDN,2021-08-13,-13.429,16.286,10.571,-38.857,-14.0,-27.0
544,Indonesia,IDN,2021-08-14,-13.429,15.714,10.429,-38.714,-14.571,-26.571
545,Indonesia,IDN,2021-08-15,-13.143,15.286,10.429,-38.571,-14.714,-26.0
546,Indonesia,IDN,2021-08-16,-12.571,15.571,10.286,-38.143,-14.571,-26.0
547,Indonesia,IDN,2021-08-17,-12.714,14.714,11.286,-39.0,-12.714,-30.714
548,Indonesia,IDN,2021-08-18,-13.286,13.857,10.286,-38.286,-14.714,-26.143
549,Indonesia,IDN,2021-08-19,-13.429,13.429,10.429,-38.429,-14.857,-25.857
550,Indonesia,IDN,2021-08-20,-13.286,13.571,10.286,-38.286,-14.714,-25.571
551,Indonesia,IDN,2021-08-21,-13.143,13.286,10.286,-38.286,-14.571,-25.286
552,Indonesia,IDN,2021-08-22,-13.0,13.143,10.143,-38.0,-14.286,-25.286
553,Indonesia,IDN,2021-08-23,-13.286,12.286,10.143,-38.143,-15.0,-24.571
554,Indonesia,IDN,2021-08-24,-12.857,12.571,9.0,-37.0,-17.714,-18.857
555,Indonesia,IDN,2021-08-25,-12.143,13.143,8.857,-36.571,-17.0,-18.714
556,Indonesia,IDN,2021-08-26,-11.286,13.857,8.571,-36.0,-16.429,-18.571
557,Indonesia,IDN,2021-08-27,-10.571,14.143,8.429,-35.571,-15.857,-18.429
558,Indonesia,IDN,2021-08-28,-9.714,15.0,8.286,-34.857,-15.0,-18.286
559,Indonesia,IDN,2021-08-29,-9.0,15.571,8.143,-34.143,-14.286,-18.143
560,Indonesia,IDN,2021-08-30,-8.429,16.0,8.0,-33.714,-14.286,-18.0
561,Indonesia,IDN,2021-08-31,-7.714,17.143,7.857,-33.143,-14.0,-17.714
562,Indonesia,IDN,2021-09-01,-7.0,18.143,7.714,-32.714,-13.714,-17.571
563,Indonesia,IDN,2021-09-02,-6.143,19.143,7.571,-32.286,-13.286,-17.429
564,Indonesia,IDN,2021-09-03,-5.429,20.0,7.429,-31.571,-12.714,-17.286
565,Indonesia,IDN,2021-09-04,-4.714,20.714,7.143,-30.857,-11.857,-17.286
566,Indonesia,IDN,2021-09-05,-3.714,21.857,6.857,-30.0,-10.571,-17.286
567,Indonesia,IDN,2021-09-06,-3.143,22.429,6.714,-29.571,-10.0,-17.143
568,Indonesia,IDN,2021-09-07,-2.714,22.429,6.571,-29.286,-9.571,-17.143
569,Indonesia,IDN,2021-09-08,-2.714,21.571,6.571,-29.143,-9.429,-17.0
570,Indonesia,IDN,2021-09-09,-2.714,21.143,6.571,-28.857,-9.143,-16.714
571,Indonesia,IDN,2021-09-10,-2.571,21.0,6.429,-28.714,-8.857,-16.429
572,Indonesia,IDN,2021-09-11,-2.714,20.429,6.571,-28.571,-9.0,-16.286
573,Indonesia,IDN,2021-09-12,-3.0,19.857,6.714,-28.571,-9.286,-16.286
574,Indonesia,IDN,2021-09-13,-3.0,19.571,6.714,-28.429,-9.286,-16.286
575,Indonesia,IDN,2021-09-14,-3.571,18.571,6.857,-28.714,-10.143,-16.429
576,Indonesia,IDN,2021-09-15,-3.143,19.0,6.714,-28.286,-9.714,-16.429
577,Indonesia,IDN,2021-09-16,-3.143,18.857,6.571,-28.143,-9.571,-16.571
578,Indonesia,IDN,2021-09-17,-3.0,18.714,6.571,-28.0,-9.286,-16.714
579,Indonesia,IDN,2021-09-18,-2.571,19.0,6.429,-28.0,-8.571,-16.714
580,Indonesia,IDN,2021-09-19,-2.429,18.857,6.429,-28.0,-8.0,-16.857
581,Indonesia,IDN,2021-09-20,-2.286,19.286,6.286,-27.857,-7.571,-16.714
582,Indonesia,IDN,2021-09-21,-1.857,19.714,6.143,-27.286,-6.857,-16.286
583,Indonesia,IDN,2021-09-22,-2.0,19.286,6.143,-27.429,-7.0,-15.857
584,Indonesia,IDN,2021-09-23,-2.0,18.857,6.286,-27.429,-7.143,-15.429
585,Indonesia,IDN,2021-09-24,-2.0,18.857,6.286,-27.286,-7.429,-15.0
586,Indonesia,IDN,2021-09-25,-1.714,19.143,6.143,-26.857,-7.286,-14.714
587,Indonesia,IDN,2021-09-26,-1.429,19.286,6.0,-26.429,-7.143,-14.429
588,Indonesia,IDN,2021-09-27,-1.143,19.143,6.0,-26.143,-6.857,-14.0
589,Indonesia,IDN,2021-09-28,-0.571,20.0,5.857,-25.714,-6.143,-13.714
590,Indonesia,IDN,2021-09-29,-0.286,20.429,5.857,-25.286,-5.714,-13.571
591,Indonesia,IDN,2021-09-30,0.286,21.571,5.714,-24.714,-5.286,-13.286
592,Indonesia,IDN,2021-10-01,1.143,23.0,5.571,-24.0,-4.571,-13.143
593,Indonesia,IDN,2021-10-02,2.0,24.286,5.429,-23.143,-3.571,-13.143
594,Indonesia,IDN,2021-10-03,3.143,25.857,5.286,-22.143,-2.286,-13.286
595,Indonesia,IDN,2021-10-04,3.571,26.429,5.143,-21.714,-2.286,-13.143
596,Indonesia,IDN,2021-10-05,4.286,27.143,5.0,-21.286,-2.0,-13.0
597,Indonesia,IDN,2021-10-06,5.0,27.857,4.857,-20.857,-1.286,-12.857
598,Indonesia,IDN,2021-10-07,5.429,27.857,4.714,-20.571,-0.571,-12.714
599,Indonesia,IDN,2021-10-08,5.429,27.143,4.714,-20.429,-0.143,-12.571
600,Indonesia,IDN,2021-10-09,5.429,26.571,4.714,-20.143,0.286,-12.571
601,Indonesia,IDN,2021-10-10,5.429,26.286,4.714,-19.857,0.714,-12.429
602,Indonesia,IDN,2021-10-11,5.571,26.143,4.714,-19.571,1.286,-12.286
603,Indonesia,IDN,2021-10-12,5.571,25.714,4.714,-19.429,2.0,-12.0
604,Indonesia,IDN,2021-10-13,5.571,25.286,4.714,-19.286,2.143,-11.714
605,Indonesia,IDN,2021-10-14,5.429,25.0,4.714,-19.143,2.143,-11.571
606,Indonesia,IDN,2021-10-15,5.286,24.857,4.714,-18.857,2.143,-11.429
607,Indonesia,IDN,2021-10-16,4.857,24.429,4.857,-18.714,2.0,-11.286
608,Indonesia,IDN,2021-10-17,4.286,23.714,5.0,-18.857,1.571,-11.286
609,Indonesia,IDN,2021-10-18,3.286,22.714,5.143,-19.143,1.0,-11.571
610,Indonesia,IDN,2021-10-19,3.0,22.571,5.143,-18.714,1.429,-12.143
611,Indonesia,IDN,2021-10-20,3.571,23.0,6.143,-18.714,5.429,-17.857
612,Indonesia,IDN,2021-10-21,3.286,22.857,6.143,-18.571,5.571,-17.857
613,Indonesia,IDN,2021-10-22,3.0,22.429,6.143,-18.857,5.429,-17.857
614,Indonesia,IDN,2021-10-23,2.857,22.143,6.143,-19.429,5.429,-17.714
615,Indonesia,IDN,2021-10-24,3.0,21.857,6.143,-19.571,5.571,-17.571
616,Indonesia,IDN,2021-10-25,3.857,22.857,6.0,-19.143,6.429,-17.0
617,Indonesia,IDN,2021-10-26,3.857,22.714,6.0,-19.429,5.714,-16.286
618,Indonesia,IDN,2021-10-27,2.857,21.714,5.0,-19.429,1.143,-10.429
619,Indonesia,IDN,2021-10-28,3.143,22.143,5.0,-19.429,1.0,-10.286
620,Indonesia,IDN,2021-10-29,3.571,22.857,4.857,-19.0,1.143,-10.0
621,Indonesia,IDN,2021-10-30,3.857,23.286,4.714,-18.429,0.714,-9.857
622,Indonesia,IDN,2021-10-31,4.143,24.143,4.571,-17.857,0.143,-9.571
623,Indonesia,IDN,2021-11-01,4.143,24.429,4.571,-17.714,-0.714,-9.571
624,Indonesia,IDN,2021-11-02,4.286,25.143,4.571,-17.571,-1.143,-9.429
625,Indonesia,IDN,2021-11-03,5.143,26.714,4.429,-17.0,-0.429,-9.286
626,Indonesia,IDN,2021-11-04,5.0,26.429,4.429,-16.714,-0.857,-9.286
627,Indonesia,IDN,2021-11-05,5.143,26.571,4.571,-16.429,-0.857,-9.286
628,Indonesia,IDN,2021-11-06,5.714,27.143,4.571,-16.0,-0.286,-9.429
629,Indonesia,IDN,2021-11-07,5.571,26.571,4.714,-16.143,-0.286,-10.143
630,Indonesia,IDN,2021-11-08,6.143,27.0,4.714,-15.714,0.857,-10.0
631,Indonesia,IDN,2021-11-09,6.0,26.286,4.714,-15.571,1.143,-10.143
632,Indonesia,IDN,2021-11-10,5.429,25.143,4.857,-15.714,0.714,-10.429
633,Indonesia,IDN,2021-11-11,5.857,25.571,4.857,-15.429,1.286,-10.429
634,Indonesia,IDN,2021-11-12,5.571,24.714,4.857,-15.714,1.0,-10.429
635,Indonesia,IDN,2021-11-13,4.857,23.571,5.0,-16.286,0.0,-10.429
636,Indonesia,IDN,2021-11-14,5.143,23.714,5.0,-16.0,0.0,-10.143
637,Indonesia,IDN,2021-11-15,4.571,22.714,5.143,-16.143,-1.143,-10.143
638,Indonesia,IDN,2021-11-16,4.714,22.714,5.143,-16.0,-1.143,-9.857
639,Indonesia,IDN,2021-11-17,5.0,22.857,5.143,-15.857,-0.857,-9.429
640,Indonesia,IDN,2021-11-18,5.0,22.571,5.143,-16.0,-0.714,-9.143
641,Indonesia,IDN,2021-11-19,5.0,22.571,5.143,-15.857,-0.714,-9.0
642,Indonesia,IDN,2021-11-20,5.143,22.857,5.143,-15.714,-0.143,-9.0
643,Indonesia,IDN,2021-11-21,5.286,23.0,5.0,-15.714,0.429,-9.0
644,Indonesia,IDN,2021-11-22,5.429,23.143,4.857,-15.571,1.143,-8.857
645,Indonesia,IDN,2021-11-23,5.143,22.714,5.0,-15.714,0.857,-8.857
646,Indonesia,IDN,2021-11-24,5.143,22.857,5.0,-15.714,1.0,-8.714
647,Indonesia,IDN,2021-11-25,5.0,22.857,5.0,-15.429,1.0,-8.714
648,Indonesia,IDN,2021-11-26,5.0,23.0,5.0,-15.143,1.143,-8.714
649,Indonesia,IDN,2021-11-27,4.857,22.714,5.0,-14.857,0.429,-8.571
650,Indonesia,IDN,2021-11-28,4.429,22.571,5.143,-14.714,-0.571,-8.571
651,Indonesia,IDN,2021-11-29,4.857,23.286,5.143,-14.429,-0.286,-8.429
652,Indonesia,IDN,2021-11-30,5.429,24.571,5.0,-14.0,0.143,-8.286
653,Indonesia,IDN,2021-12-01,5.857,25.857,4.857,-13.429,0.143,-8.286
654,Indonesia,IDN,2021-12-02,6.714,27.286,4.714,-13.143,0.857,-8.143
655,Indonesia,IDN,2021-12-03,7.714,28.857,4.571,-12.714,2.0,-8.0
656,Indonesia,IDN,2021-12-04,8.0,29.429,4.571,-12.286,2.286,-8.0
657,Indonesia,IDN,2021-12-05,8.571,30.143,4.571,-11.857,2.714,-8.143
658,Indonesia,IDN,2021-12-06,8.143,29.429,4.714,-12.0,2.286,-8.286
659,Indonesia,IDN,2021-12-07,8.143,29.286,4.857,-12.143,2.571,-8.286
660,Indonesia,IDN,2021-12-08,8.286,28.714,4.857,-12.143,3.0,-7.857
661,Indonesia,IDN,2021-12-09,7.857,27.714,5.0,-12.286,2.571,-7.429
662,Indonesia,IDN,2021-12-10,7.429,26.857,5.0,-12.286,1.857,-6.857
663,Indonesia,IDN,2021-12-11,7.714,27.0,4.857,-12.143,2.429,-6.0
664,Indonesia,IDN,2021-12-12,8.143,27.143,4.571,-11.857,3.286,-4.714
665,Indonesia,IDN,2021-12-13,9.0,28.143,4.286,-11.286,4.714,-4.143
666,Indonesia,IDN,2021-12-14,9.286,28.0,4.0,-10.714,5.286,-3.714
667,Indonesia,IDN,2021-12-15,9.143,27.571,4.0,-10.429,5.286,-3.714
668,Indonesia,IDN,2021-12-16,9.143,27.143,4.0,-10.0,5.286,-3.857
669,Indonesia,IDN,2021-12-17,9.286,27.143,4.0,-9.714,5.571,-4.0
670,Indonesia,IDN,2021-12-18,9.429,27.143,4.0,-9.286,6.0,-4.143
671,Indonesia,IDN,2021-12-19,9.571,27.0,4.0,-8.857,6.286,-4.286
672,Indonesia,IDN,2021-12-20,9.286,26.429,4.143,-8.714,5.714,-4.857
673,Indonesia,IDN,2021-12-21,9.429,26.571,4.286,-8.429,5.857,-5.571
674,Indonesia,IDN,2021-12-22,10.143,27.286,4.286,-8.0,7.286,-6.286
675,Indonesia,IDN,2021-12-23,10.143,27.429,4.286,-7.714,7.857,-7.0
676,Indonesia,IDN,2021-12-24,10.857,28.571,4.286,-7.571,9.0,-8.286
677,Indonesia,IDN,2021-12-25,10.429,28.0,4.857,-9.143,10.143,-13.143
678,Indonesia,IDN,2021-12-26,10.0,27.714,5.0,-10.429,10.429,-13.429
679,Indonesia,IDN,2021-12-27,10.0,27.857,5.143,-10.857,11.429,-14.286
680,Indonesia,IDN,2021-12-28,10.286,28.429,5.143,-11.0,13.143,-14.857
681,Indonesia,IDN,2021-12-29,10.0,28.429,5.286,-11.571,13.857,-15.571
682,Indonesia,IDN,2021-12-30,10.857,30.0,5.286,-11.286,16.0,-16.286
683,Indonesia,IDN,2021-12-31,11.714,32.571,5.143,-10.857,19.571,-17.429
684,Indonesia,IDN,2022-01-01,11.429,32.714,5.0,-10.857,24.571,-19.714
685,Indonesia,IDN,2022-01-02,11.857,34.0,4.857,-9.714,26.714,-20.429
686,Indonesia,IDN,2022-01-03,12.571,35.429,4.571,-9.0,27.714,-19.429
687,Indonesia,IDN,2022-01-04,12.571,35.714,4.429,-8.714,27.143,-18.143
688,Indonesia,IDN,2022-01-05,12.429,36.0,4.286,-8.429,26.429,-16.714
689,Indonesia,IDN,2022-01-06,11.571,34.857,4.286,-9.143,24.714,-15.0
690,Indonesia,IDN,2022-01-07,9.571,31.0,4.429,-10.143,20.571,-12.286
691,Indonesia,IDN,2022-01-08,10.286,32.0,4.0,-8.857,15.429,-5.143
692,Indonesia,IDN,2022-01-09,9.714,31.0,4.143,-9.143,13.286,-4.286
693,Indonesia,IDN,2022-01-10,8.714,29.714,4.143,-9.714,11.286,-3.429
694,Indonesia,IDN,2022-01-11,7.286,27.857,4.286,-10.571,9.0,-2.857
695,Indonesia,IDN,2022-01-12,6.286,26.571,4.429,-11.143,7.429,-2.286
696,Indonesia,IDN,2022-01-13,6.0,26.429,4.286,-11.286,6.714,-1.857
697,Indonesia,IDN,2022-01-14,6.0,26.429,4.286,-11.286,6.571,-1.286
698,Indonesia,IDN,2022-01-15,5.571,25.714,4.571,-11.857,6.0,-0.857
699,Indonesia,IDN,2022-01-16,5.429,25.429,4.857,-12.429,6.143,-0.429
700,Indonesia,IDN,2022-01-17,5.143,24.857,5.0,-12.714,6.143,0.0
701,Indonesia,IDN,2022-01-18,5.143,25.0,5.143,-12.714,6.714,0.286
702,Indonesia,IDN,2022-01-19,5.286,25.143,5.286,-13.0,6.571,0.714
703,Indonesia,IDN,2022-01-20,5.0,24.714,5.714,-13.429,6.0,1.143
704,Indonesia,IDN,2022-01-21,5.143,24.714,5.857,-13.714,6.0,1.571
705,Indonesia,IDN,2022-01-22,5.286,24.571,6.0,-14.286,5.857,2.0
706,Indonesia,IDN,2022-01-23,5.429,24.429,6.143,-14.857,5.857,2.286
707,Indonesia,IDN,2022-01-24,5.857,24.857,6.286,-15.143,6.571,2.571
708,Indonesia,IDN,2022-01-25,6.857,25.857,6.286,-15.286,7.286,2.857
709,Indonesia,IDN,2022-01-26,7.286,26.0,6.286,-15.429,8.0,2.857
710,Indonesia,IDN,2022-01-27,7.857,26.286,6.143,-15.429,8.857,3.0
711,Indonesia,IDN,2022-01-28,7.857,26.429,6.286,-15.429,8.714,3.0
712,Indonesia,IDN,2022-01-29,8.286,27.429,6.143,-14.714,9.429,3.143
713,Indonesia,IDN,2022-01-30,8.429,27.857,6.0,-14.571,9.714,3.286
714,Indonesia,IDN,2022-01-31,9.286,29.0,6.0,-14.429,11.0,2.429
715,Indonesia,IDN,2022-02-01,10.429,29.857,7.143,-14.571,16.714,-5.429
716,Indonesia,IDN,2022-02-02,10.857,31.143,7.143,-14.429,17.286,-5.714
717,Indonesia,IDN,2022-02-03,10.714,31.714,7.286,-14.857,17.286,-6.143
718,Indonesia,IDN,2022-02-04,10.429,31.429,7.429,-15.857,17.0,-6.714
719,Indonesia,IDN,2022-02-05,9.714,30.857,7.714,-17.0,15.429,-7.286
720,Indonesia,IDN,2022-02-06,9.143,30.571,8.0,-17.714,13.857,-7.857
721,Indonesia,IDN,2022-02-07,8.143,29.714,8.286,-18.714,11.714,-8.0
722,Indonesia,IDN,2022-02-08,6.429,28.286,7.571,-19.857,5.429,-1.143
723,Indonesia,IDN,2022-02-09,5.143,26.429,8.0,-21.286,3.857,-1.857
724,Indonesia,IDN,2022-02-10,4.857,26.143,8.286,-22.143,3.286,-2.714
725,Indonesia,IDN,2022-02-11,4.571,26.143,8.571,-22.714,2.857,-3.429
726,Indonesia,IDN,2022-02-12,4.143,25.571,8.714,-23.714,2.571,-3.714
727,Indonesia,IDN,2022-02-13,3.429,24.857,8.857,-24.857,2.143,-3.857
728,Indonesia,IDN,2022-02-14,3.143,24.714,9.0,-25.429,2.0,-4.143
729,Indonesia,IDN,2022-02-15,2.714,24.571,9.143,-25.714,1.714,-4.571
730,Indonesia,IDN,2022-02-16,2.429,24.286,9.429,-26.143,1.571,-4.857
731,Indonesia,IDN,2022-02-17,1.714,23.429,9.571,-26.571,1.143,-5.0
732,Indonesia,IDN,2022-02-18,1.143,22.714,9.714,-27.0,0.857,-5.286
733,Indonesia,IDN,2022-02-19,1.0,22.714,9.857,-27.286,1.143,-5.143
734,Indonesia,IDN,2022-02-20,0.714,22.571,10.0,-27.429,1.0,-4.857
735,Indonesia,IDN,2022-02-21,0.143,21.714,10.286,-27.571,0.857,-4.857
736,Indonesia,IDN,2022-02-22,0.143,21.571,10.286,-27.571,1.286,-4.714
737,Indonesia,IDN,2022-02-23,0.286,21.857,10.286,-27.143,2.571,-4.429
738,Indonesia,IDN,2022-02-24,0.429,22.0,10.429,-26.857,4.0,-4.143
739,Indonesia,IDN,2022-02-25,0.857,23.143,10.571,-25.857,5.286,-3.571
740,Indonesia,IDN,2022-02-26,1.0,23.857,10.571,-23.857,5.857,-3.143
741,Indonesia,IDN,2022-02-27,2.286,25.286,10.286,-22.286,8.714,-2.857
742,Indonesia,IDN,2022-02-28,3.857,26.857,11.143,-21.0,15.0,-9.286
743,Indonesia,IDN,2022-03-01,4.429,28.286,11.143,-20.0,16.286,-8.857
744,Indonesia,IDN,2022-03-02,5.286,30.0,10.857,-18.857,17.714,-8.714
745,Indonesia,IDN,2022-03-03,6.429,31.143,11.857,-18.429,22.286,-14.857
746,Indonesia,IDN,2022-03-04,7.0,31.429,12.0,-18.571,24.714,-14.429
747,Indonesia,IDN,2022-03-05,7.143,31.0,12.429,-19.571,25.857,-14.143
748,Indonesia,IDN,2022-03-06,6.857,30.571,12.857,-19.571,25.286,-13.286
749,Indonesia,IDN,2022-03-07,5.714,29.429,12.286,-20.0,21.571,-5.571
750,Indonesia,IDN,2022-03-08,5.571,28.429,12.714,-20.143,23.571,-4.429
751,Indonesia,IDN,2022-03-09,5.286,27.286,13.429,-20.571,25.286,-3.143
752,Indonesia,IDN,2022-03-10,4.714,26.571,13.0,-20.286,24.143,4.714
753,Indonesia,IDN,2022-03-11,4.714,26.143,13.571,-19.857,25.286,6.0
754,Indonesia,IDN,2022-03-12,5.143,26.429,13.857,-19.143,27.286,7.286
755,Indonesia,IDN,2022-03-13,5.286,26.429,14.286,-18.714,28.857,8.286
756,Indonesia,IDN,2022-03-14,5.571,26.429,14.714,-18.429,31.286,9.286
757,Indonesia,IDN,2022-03-15,5.857,26.571,15.143,-18.0,32.571,10.0
758,Indonesia,IDN,2022-03-16,6.286,27.0,15.286,-17.429,34.0,10.714
759,Indonesia,IDN,2022-03-17,6.429,27.0,15.286,-17.0,35.0,11.0
760,Indonesia,IDN,2022-03-18,6.429,26.714,15.143,-16.571,35.286,11.143
761,Indonesia,IDN,2022-03-19,6.571,26.714,15.0,-16.0,35.714,11.286
762,Indonesia,IDN,2022-03-20,6.571,26.714,15.0,-15.571,36.143,11.429
763,Indonesia,IDN,2022-03-21,6.857,27.0,14.857,-15.0,36.714,11.571
764,Indonesia,IDN,2022-03-22,7.0,26.857,14.714,-14.571,37.429,11.714
765,Indonesia,IDN,2022-03-23,6.857,26.429,14.714,-14.286,37.714,11.714
766,Indonesia,IDN,2022-03-24,7.286,26.714,14.571,-13.571,38.286,12.0
767,Indonesia,IDN,2022-03-25,8.0,27.857,14.429,-12.571,39.571,12.143
768,Indonesia,IDN,2022-03-26,8.286,28.143,14.286,-11.714,40.429,12.143
769,Indonesia,IDN,2022-03-27,9.143,28.857,13.857,-10.429,42.0,12.286
770,Indonesia,IDN,2022-03-28,9.714,29.714,13.714,-9.429,43.143,12.286
771,Indonesia,IDN,2022-03-29,10.429,30.714,13.571,-8.571,44.286,12.286
772,Indonesia,IDN,2022-03-30,11.571,32.0,13.286,-7.571,46.0,12.286
773,Indonesia,IDN,2022-03-31,12.571,33.429,13.0,-6.571,47.286,12.0
774,Indonesia,IDN,2022-04-01,13.429,35.143,12.857,-6.0,48.286,10.857
775,Indonesia,IDN,2022-04-02,13.143,36.857,13.429,-7.429,46.143,8.714
776,Indonesia,IDN,2022-04-03,8.571,33.429,15.0,-12.286,38.0,6.571
777,Indonesia,IDN,2022-04-04,6.571,32.429,15.714,-14.143,35.286,4.857
778,Indonesia,IDN,2022-04-05,4.286,30.714,16.429,-16.143,32.0,3.857
779,Indonesia,IDN,2022-04-06,2.0,29.0,17.143,-18.286,28.429,3.429
780,Indonesia,IDN,2022-04-07,-0.429,26.714,17.857,-20.714,24.857,3.429
781,Indonesia,IDN,2022-04-08,-2.857,23.429,18.429,-23.286,21.286,4.571
782,Indonesia,IDN,2022-04-09,-3.857,20.714,18.571,-24.571,19.714,6.714
783,Indonesia,IDN,2022-04-10,-1.143,22.714,18.0,-23.0,22.0,9.143
784,Indonesia,IDN,2022-04-11,-0.429,22.429,17.714,-23.0,22.571,10.857
785,Indonesia,IDN,2022-04-12,0.714,23.143,17.429,-22.429,23.714,11.857
786,Indonesia,IDN,2022-04-13,1.571,23.429,17.286,-21.857,24.429,12.286
787,Indonesia,IDN,2022-04-14,3.0,24.571,17.0,-20.143,25.714,12.429
788,Indonesia,IDN,2022-04-15,4.429,25.429,18.0,-20.0,27.571,5.0
789,Indonesia,IDN,2022-04-16,5.0,25.714,18.0,-19.571,28.429,4.429
790,Indonesia,IDN,2022-04-17,5.714,26.143,17.857,-18.429,29.143,4.714
791,Indonesia,IDN,2022-04-18,6.286,26.714,17.857,-17.714,29.286,4.571
792,Indonesia,IDN,2022-04-19,6.143,26.429,17.857,-17.429,28.286,4.429
793,Indonesia,IDN,2022-04-20,6.857,27.714,17.714,-16.714,28.286,4.286
794,Indonesia,IDN,2022-04-21,7.143,28.286,17.857,-17.0,28.143,4.143
795,Indonesia,IDN,2022-04-22,7.143,28.857,16.714,-15.857,27.429,11.571
796,Indonesia,IDN,2022-04-23,8.571,31.0,16.286,-13.714,27.857,12.286
797,Indonesia,IDN,2022-04-24,10.286,33.286,16.0,-12.143,28.429,12.714
798,Indonesia,IDN,2022-04-25,12.143,35.571,15.857,-10.714,30.0,12.0
799,Indonesia,IDN,2022-04-26,15.286,39.857,15.571,-8.143,33.571,11.143
800,Indonesia,IDN,2022-04-27,17.429,42.286,15.429,-5.571,36.286,9.857
801,Indonesia,IDN,2022-04-28,20.286,46.714,15.143,-1.571,39.857,7.857
802,Indonesia,IDN,2022-04-29,23.714,52.0,15.286,2.429,44.714,1.857
803,Indonesia,IDN,2022-04-30,25.286,55.571,15.429,5.286,48.429,-3.286
804,Indonesia,IDN,2022-05-01,26.286,60.286,15.286,6.429,53.286,-7.0
805,Indonesia,IDN,2022-05-02,26.429,59.571,15.143,5.429,66.857,-17.571
806,Indonesia,IDN,2022-05-03,28.143,61.143,14.857,6.857,87.429,-27.857
807,Indonesia,IDN,2022-05-04,30.286,63.143,14.571,8.286,110.0,-36.714
808,Indonesia,IDN,2022-05-05,32.0,63.429,14.571,8.571,129.714,-44.143
809,Indonesia,IDN,2022-05-06,31.571,61.143,14.571,8.0,139.857,-47.0
810,Indonesia,IDN,2022-05-07,30.714,58.0,14.143,8.286,146.286,-48.286
811,Indonesia,IDN,2022-05-08,30.143,53.571,13.571,10.286,149.143,-47.429
812,Indonesia,IDN,2022-05-09,30.571,54.143,13.429,12.857,141.0,-37.857
813,Indonesia,IDN,2022-05-10,28.571,51.429,13.571,12.0,123.143,-28.143
814,Indonesia,IDN,2022-05-11,25.857,48.143,13.714,10.0,102.429,-19.0
815,Indonesia,IDN,2022-05-12,22.286,44.0,13.571,7.286,82.571,-9.857
816,Indonesia,IDN,2022-05-13,20.143,41.571,13.0,5.429,70.143,-1.286
817,Indonesia,IDN,2022-05-14,19.429,40.571,13.0,3.857,64.143,4.429
818,Indonesia,IDN,2022-05-15,19.143,39.429,13.143,2.286,64.143,5.714
819,Indonesia,IDN,2022-05-16,19.286,38.857,14.143,2.0,67.0,-0.571
820,Indonesia,IDN,2022-05-17,18.143,37.429,14.0,1.143,64.571,0.857
821,Indonesia,IDN,2022-05-18,17.0,36.0,14.0,0.143,62.429,1.714
822,Indonesia,IDN,2022-05-19,15.714,34.429,14.143,-1.0,60.0,1.857
823,Indonesia,IDN,2022-05-20,14.714,33.286,14.286,-2.0,58.429,2.0
824,Indonesia,IDN,2022-05-21,14.143,32.286,14.429,-3.857,56.857,2.286
825,Indonesia,IDN,2022-05-22,13.429,31.571,14.714,-5.571,53.714,2.857
826,Indonesia,IDN,2022-05-23,11.714,30.571,13.714,-7.286,46.571,10.857
827,Indonesia,IDN,2022-05-24,11.143,29.857,13.857,-8.429,46.143,10.857
828,Indonesia,IDN,2022-05-25,11.286,30.0,13.714,-8.0,46.571,10.857
829,Indonesia,IDN,2022-05-26,12.286,30.571,14.857,-7.857,50.857,3.571
830,Indonesia,IDN,2022-05-27,12.714,31.0,14.714,-8.0,51.857,3.571
831,Indonesia,IDN,2022-05-28,13.0,31.286,14.714,-8.143,52.714,3.571
832,Indonesia,IDN,2022-05-29,12.857,31.143,14.714,-7.857,52.429,3.857
833,Indonesia,IDN,2022-05-30,12.857,31.143,14.714,-8.0,52.143,4.143
834,Indonesia,IDN,2022-05-31,13.286,31.714,14.429,-7.857,52.286,4.429
835,Indonesia,IDN,2022-06-01,14.429,32.714,15.714,-9.0,56.714,-2.714
836,Indonesia,IDN,2022-06-02,13.571,32.857,14.571,-9.429,52.714,5.143
837,Indonesia,IDN,2022-06-03,13.714,33.429,14.571,-9.286,52.571,5.571
838,Indonesia,IDN,2022-06-04,13.571,33.714,14.571,-9.286,52.0,5.857
839,Indonesia,IDN,2022-06-05,13.286,33.857,14.714,-9.857,51.571,5.714
840,Indonesia,IDN,2022-06-06,13.0,33.714,14.857,-10.0,50.571,5.714
841,Indonesia,IDN,2022-06-07,13.0,33.857,15.143,-10.143,50.429,5.571
842,Indonesia,IDN,2022-06-08,11.571,32.571,14.143,-10.0,45.429,13.0
843,Indonesia,IDN,2022-06-09,11.571,32.143,14.286,-10.0,45.714,12.714
844,Indonesia,IDN,2022-06-10,11.429,31.714,14.429,-9.857,45.429,12.714
845,Indonesia,IDN,2022-06-11,11.429,31.429,14.429,-9.857,45.286,12.857
846,Indonesia,IDN,2022-06-12,11.571,31.286,14.429,-9.571,45.286,13.0
847,Indonesia,IDN,2022-06-13,11.571,31.143,14.429,-9.429,45.429,12.857
848,Indonesia,IDN,2022-06-14,11.286,30.429,14.571,-9.429,45.143,12.857
849,Indonesia,IDN,2022-06-15,11.143,30.286,14.571,-9.143,45.0,12.714
850,Indonesia,IDN,2022-06-16,11.143,30.286,14.571,-8.857,44.714,12.571
851,Indonesia,IDN,2022-06-17,10.571,29.571,14.714,-9.0,43.857,12.0
852,Indonesia,IDN,2022-06-18,10.429,29.429,14.714,-8.714,44.143,11.714
853,Indonesia,IDN,2022-06-19,10.429,29.429,14.714,-8.714,44.714,11.857
854,Indonesia,IDN,2022-06-20,10.714,29.714,14.714,-8.286,46.0,11.286
855,Indonesia,IDN,2022-06-21,10.714,29.714,14.714,-8.0,46.857,10.714
856,Indonesia,IDN,2022-06-22,10.714,29.571,14.714,-7.714,47.571,10.143
857,Indonesia,IDN,2022-06-23,10.714,29.429,14.857,-7.429,48.143,9.571
858,Indonesia,IDN,2022-06-24,11.143,29.857,14.857,-6.857,49.286,9.143
859,Indonesia,IDN,2022-06-25,11.429,30.143,14.857,-6.286,49.857,9.0
860,Indonesia,IDN,2022-06-26,11.286,29.857,14.857,-5.571,49.714,8.857
861,Indonesia,IDN,2022-06-27,11.286,29.857,15.0,-5.143,50.143,8.143
862,Indonesia,IDN,2022-06-28,11.571,30.286,15.0,-4.571,50.857,7.429
863,Indonesia,IDN,2022-06-29,12.143,30.857,15.0,-4.0,51.714,6.857
864,Indonesia,IDN,2022-06-30,13.0,32.143,14.857,-3.143,52.857,6.429
865,Indonesia,IDN,2022-07-01,13.857,33.714,14.714,-2.286,54.143,5.857
866,Indonesia,IDN,2022-07-02,14.571,35.0,14.571,-1.143,55.286,5.143
867,Indonesia,IDN,2022-07-03,15.857,36.714,14.286,0.0,56.857,5.143
868,Indonesia,IDN,2022-07-04,16.714,37.857,14.143,0.714,58.0,5.0
869,Indonesia,IDN,2022-07-05,17.143,38.714,14.143,1.286,58.286,4.857
870,Indonesia,IDN,2022-07-06,17.714,39.429,14.143,1.714,58.714,4.857
871,Indonesia,IDN,2022-07-07,18.286,40.0,14.0,2.286,59.429,4.714
872,Indonesia,IDN,2022-07-08,18.571,40.429,14.0,2.857,59.429,4.571
873,Indonesia,IDN,2022-07-09,18.0,40.571,14.714,1.286,58.714,0.571
874,Indonesia,IDN,2022-07-10,15.286,37.714,15.143,-1.714,55.857,-2.286
875,Indonesia,IDN,2022-07-11,15.0,37.714,15.0,-2.0,56.286,-2.571
876,Indonesia,IDN,2022-07-12,14.714,37.429,14.857,-2.143,56.429,-2.286
877,Indonesia,IDN,2022-07-13,14.0,36.857,14.714,-2.571,55.857,-1.857
878,Indonesia,IDN,2022-07-14,13.286,36.0,14.714,-3.286,55.143,-1.286
879,Indonesia,IDN,2022-07-15,12.286,34.0,14.714,-4.429,54.143,-0.429
880,Indonesia,IDN,2022-07-16,12.0,32.571,14.286,-4.143,53.0,3.857
881,Indonesia,IDN,2022-07-17,14.429,35.429,14.0,-1.857,54.286,6.857
882,Indonesia,IDN,2022-07-18,14.0,34.714,14.0,-2.714,51.857,8.571
883,Indonesia,IDN,2022-07-19,13.857,34.286,14.429,-3.714,50.714,10.143
884,Indonesia,IDN,2022-07-20,13.714,34.286,14.429,-4.429,49.714,11.286
885,Indonesia,IDN,2022-07-21,13.143,33.714,14.429,-5.286,48.429,12.429
886,Indonesia,IDN,2022-07-22,13.0,33.714,14.429,-5.857,48.0,13.571
887,Indonesia,IDN,2022-07-23,13.143,33.714,14.286,-6.143,48.286,14.571
888,Indonesia,IDN,2022-07-24,12.143,32.143,14.429,-7.429,47.429,14.143
889,Indonesia,IDN,2022-07-25,11.714,31.857,14.571,-7.714,46.0,14.429
890,Indonesia,IDN,2022-07-26,11.571,31.857,14.143,-7.857,45.143,14.571
891,Indonesia,IDN,2022-07-27,11.571,31.714,14.143,-7.857,44.857,14.857
892,Indonesia,IDN,2022-07-28,12.0,32.429,14.143,-7.571,45.0,15.143
893,Indonesia,IDN,2022-07-29,12.714,33.714,13.857,-6.714,45.857,15.286
894,Indonesia,IDN,2022-07-30,13.286,34.429,14.286,-6.0,48.429,10.286
895,Indonesia,IDN,2022-07-31,14.143,35.857,14.286,-5.0,49.714,11.0
896,Indonesia,IDN,2022-08-01,15.0,37.143,14.143,-4.571,51.0,11.571
897,Indonesia,IDN,2022-08-02,15.286,37.857,14.143,-4.429,50.714,11.857
898,Indonesia,IDN,2022-08-03,15.429,38.429,14.143,-4.571,50.286,12.143
899,Indonesia,IDN,2022-08-04,15.571,38.429,14.143,-4.857,49.714,12.286
900,Indonesia,IDN,2022-08-05,15.714,38.429,14.286,-5.286,49.143,12.429
901,Indonesia,IDN,2022-08-06,15.714,38.571,13.857,-5.714,46.714,17.571
902,Indonesia,IDN,2022-08-07,15.714,38.429,13.857,-6.286,46.0,17.0
903,Indonesia,IDN,2022-08-08,15.714,37.857,13.857,-6.429,46.0,17.0
904,Indonesia,IDN,2022-08-09,15.714,37.429,13.857,-6.571,46.286,17.0
905,Indonesia,IDN,2022-08-10,15.857,37.429,13.714,-6.286,46.714,17.143
906,Indonesia,IDN,2022-08-11,15.714,37.429,13.714,-6.143,47.143,17.429
907,Indonesia,IDN,2022-08-12,15.0,36.429,13.714,-6.571,46.714,17.714
908,Indonesia,IDN,2022-08-13,14.143,35.429,13.857,-6.857,45.571,18.0
909,Indonesia,IDN,2022-08-14,13.714,34.857,13.857,-7.143,45.0,18.571
910,Indonesia,IDN,2022-08-15,13.714,34.857,14.143,-7.143,45.857,18.857
911,Indonesia,IDN,2022-08-16,14.0,35.143,14.286,-6.714,47.0,18.857
912,Indonesia,IDN,2022-08-17,14.857,35.143,16.0,-8.143,54.143,11.429
913,Indonesia,IDN,2022-08-18,15.0,35.286,16.429,-8.286,55.143,11.286
914,Indonesia,IDN,2022-08-19,15.286,35.571,17.0,-8.429,56.286,11.286
915,Indonesia,IDN,2022-08-20,15.714,36.0,17.429,-8.857,57.571,11.429
916,Indonesia,IDN,2022-08-21,15.429,35.571,18.0,-9.286,57.857,11.286
917,Indonesia,IDN,2022-08-22,15.0,35.143,18.143,-9.429,57.286,11.286
918,Indonesia,IDN,2022-08-23,14.429,34.429,18.429,-10.0,56.429,11.571
919,Indonesia,IDN,2022-08-24,13.286,33.857,17.286,-8.857,49.571,19.143
920,Indonesia,IDN,2022-08-25,13.143,33.714,17.286,-8.714,48.714,19.429
921,Indonesia,IDN,2022-08-26,13.286,34.0,17.143,-8.286,48.143,19.714
922,Indonesia,IDN,2022-08-27,13.571,34.286,17.0,-7.714,48.0,19.714
923,Indonesia,IDN,2022-08-28,14.143,35.0,16.714,-7.0,48.429,19.714
924,Indonesia,IDN,2022-08-29,14.143,34.857,16.714,-7.0,47.429,19.714
925,Indonesia,IDN,2022-08-30,14.143,35.0,16.429,-7.0,46.571,19.857
926,Indonesia,IDN,2022-08-31,14.429,35.571,16.143,-6.857,45.571,20.0
927,Indonesia,IDN,2022-09-01,14.714,36.0,15.571,-6.714,44.714,20.0
928,Indonesia,IDN,2022-09-02,15.0,36.429,15.143,-6.571,44.286,19.857
929,Indonesia,IDN,2022-09-03,15.286,37.0,14.571,-6.286,44.286,19.571
930,Indonesia,IDN,2022-09-04,15.714,37.429,14.143,-5.857,44.429,19.143
931,Indonesia,IDN,2022-09-05,16.0,38.0,13.571,-5.714,44.429,19.286
932,Indonesia,IDN,2022-09-06,16.143,38.143,13.286,-5.571,44.571,19.286
933,Indonesia,IDN,2022-09-07,15.857,37.429,13.143,-5.571,44.714,19.429
934,Indonesia,IDN,2022-09-08,15.429,36.286,13.286,-5.857,44.286,19.429
935,Indonesia,IDN,2022-09-09,14.714,34.857,13.286,-6.143,43.286,19.571
936,Indonesia,IDN,2022-09-10,14.143,33.714,13.429,-6.714,42.143,19.714
937,Indonesia,IDN,2022-09-11,14.0,33.286,13.571,-7.0,41.714,20.0
938,Indonesia,IDN,2022-09-12,14.0,32.714,13.714,-7.0,41.857,20.286
939,Indonesia,IDN,2022-09-13,14.0,32.286,13.857,-7.0,41.571,20.429
940,Indonesia,IDN,2022-09-14,14.429,32.429,13.714,-7.0,41.714,20.571
941,Indonesia,IDN,2022-09-15,14.571,32.714,13.571,-6.714,42.286,20.857
942,Indonesia,IDN,2022-09-16,14.714,32.857,13.429,-6.714,42.571,20.429
943,Indonesia,IDN,2022-09-17,14.857,32.857,13.429,-6.571,43.286,20.143
944,Indonesia,IDN,2022-09-18,14.286,32.143,13.429,-6.857,43.143,19.714
945,Indonesia,IDN,2022-09-19,13.714,31.571,13.429,-7.143,42.429,19.0
946,Indonesia,IDN,2022-09-20,13.143,31.143,13.429,-7.286,41.714,18.429
947,Indonesia,IDN,2022-09-21,12.429,30.429,13.571,-7.571,40.714,17.714
948,Indonesia,IDN,2022-09-22,12.0,29.571,13.714,-8.0,39.857,17.0
949,Indonesia,IDN,2022-09-23,12.0,29.429,13.857,-8.0,39.571,17.0
950,Indonesia,IDN,2022-09-24,12.0,29.429,13.857,-8.0,39.286,17.0
951,Indonesia,IDN,2022-09-25,12.286,29.714,13.857,-8.0,39.429,17.143
952,Indonesia,IDN,2022-09-26,12.429,29.714,13.857,-8.0,39.429,17.286
953,Indonesia,IDN,2022-09-27,12.857,29.857,13.857,-8.0,39.857,17.429
954,Indonesia,IDN,2022-09-28,13.143,30.286,13.714,-7.857,40.286,17.571
955,Indonesia,IDN,2022-09-29,13.286,30.714,13.571,-7.714,40.429,17.857
956,Indonesia,IDN,2022-09-30,13.286,31.286,13.571,-7.571,40.143,18.0
957,Indonesia,IDN,2022-10-01,13.286,31.857,13.571,-7.286,39.571,18.143
958,Indonesia,IDN,2022-10-02,13.143,32.143,13.571,-7.143,38.429,17.714
959,Indonesia,IDN,2022-10-03,12.857,32.286,13.571,-7.143,37.714,17.714
960,Indonesia,IDN,2022-10-04,12.429,32.143,13.571,-7.286,37.0,17.714
961,Indonesia,IDN,2022-10-05,12.571,32.714,13.571,-7.0,36.571,17.714
962,Indonesia,IDN,2022-10-06,12.0,32.286,13.714,-6.857,35.429,17.714
963,Indonesia,IDN,2022-10-07,11.714,32.0,13.571,-6.143,35.429,17.286
964,Indonesia,IDN,2022-10-08,11.571,31.143,14.0,-5.714,37.571,11.286
965,Indonesia,IDN,2022-10-09,11.429,30.571,13.857,-5.286,38.0,10.857
966,Indonesia,IDN,2022-10-10,11.714,30.857,13.714,-4.571,38.714,10.714
967,Indonesia,IDN,2022-10-11,11.571,30.571,13.714,-4.286,38.714,10.571
968,Indonesia,IDN,2022-10-12,11.143,29.714,13.714,-4.571,39.143,10.571
969,Indonesia,IDN,2022-10-13,11.143,29.429,13.571,-4.857,39.714,10.429
970,Indonesia,IDN,2022-10-14,11.286,29.286,13.571,-5.571,40.0,10.714
971,Indonesia,IDN,2022-10-15,11.0,29.143,13.143,-6.429,37.571,16.429
